tier,task,variant,seed,run_id,metric,value,unit,config
appendix_path_space_control_cost,T1_double_well,pf_companion_ode,R001,appendix_path_space_control_cost__T1_double_well__pf_companion_ode__R001,wall_clock_seconds,792.6922,seconds,configs/experiments/appendix_path_space_control_cost/T1_double_well/pf_companion_ode.yaml
appendix_path_space_control_cost,T1_double_well,pf_companion_ode,R001,appendix_path_space_control_cost__T1_double_well__pf_companion_ode__R001,cpu_seconds,255.3456,seconds,configs/experiments/appendix_path_space_control_cost/T1_double_well/pf_companion_ode.yaml
appendix_path_space_control_cost,T1_double_well,pf_companion_ode,R001,appendix_path_space_control_cost__T1_double_well__pf_companion_ode__R001,gpu_seconds,567.5374,seconds,configs/experiments/appendix_path_space_control_cost/T1_double_well/pf_companion_ode.yaml
appendix_path_space_control_cost,T1_double_well,pf_companion_ode,R001,appendix_path_space_control_cost__T1_double_well__pf_companion_ode__R001,peak_memory_mib,6921.626,MiB,configs/experiments/appendix_path_space_control_cost/T1_double_well/pf_companion_ode.yaml
appendix_path_space_control_cost,T1_double_well,pf_companion_ode,R001,appendix_path_space_control_cost__T1_double_well__pf_companion_ode__R001,sample_count,9761,count,configs/experiments/appendix_path_space_control_cost/T1_double_well/pf_companion_ode.yaml
appendix_path_space_control_cost,T1_double_well,pf_companion_ode,R001,appendix_path_space_control_cost__T1_double_well__pf_companion_ode__R001,target_energy_calls,10913,count,configs/experiments/appendix_path_space_control_cost/T1_double_well/pf_companion_ode.yaml
appendix_path_space_control_cost,T1_double_well,pf_companion_ode,R001,appendix_path_space_control_cost__T1_double_well__pf_companion_ode__R001,force_calls,11074,count,configs/experiments/appendix_path_space_control_cost/T1_double_well/pf_companion_ode.yaml
appendix_path_space_control_cost,T1_double_well,pf_companion_ode,R001,appendix_path_space_control_cost__T1_double_well__pf_companion_ode__R001,network_forward_calls,885291,count,configs/experiments/appendix_path_space_control_cost/T1_double_well/pf_companion_ode.yaml
appendix_path_space_control_cost,T1_double_well,pf_companion_ode,R001,appendix_path_space_control_cost__T1_double_well__pf_companion_ode__R001,ode_evals,98360,count,configs/experiments/appendix_path_space_control_cost/T1_double_well/pf_companion_ode.yaml
appendix_path_space_control_cost,T1_double_well,pf_companion_ode,R001,appendix_path_space_control_cost__T1_double_well__pf_companion_ode__R001,hutchinson_M,8,count,configs/experiments/appendix_path_space_control_cost/T1_double_well/pf_companion_ode.yaml
appendix_path_space_control_cost,T1_double_well,pf_companion_ode,R001,appendix_path_space_control_cost__T1_double_well__pf_companion_ode__R001,smc_particles,NA,count,configs/experiments/appendix_path_space_control_cost/T1_double_well/pf_companion_ode.yaml
appendix_path_space_control_cost,T1_double_well,pf_companion_ode,R001,appendix_path_space_control_cost__T1_double_well__pf_companion_ode__R001,smc_resampling_steps,NA,count,configs/experiments/appendix_path_space_control_cost/T1_double_well/pf_companion_ode.yaml
appendix_path_space_control_cost,T1_double_well,pf_companion_ode,R001,appendix_path_space_control_cost__T1_double_well__pf_companion_ode__R001,ESS_N,0.47878338,fraction,configs/experiments/appendix_path_space_control_cost/T1_double_well/pf_companion_ode.yaml
appendix_path_space_control_cost,T1_double_well,pf_companion_ode,R001,appendix_path_space_control_cost__T1_double_well__pf_companion_ode__R001,Deltaf_error,0.01327188,kcal_per_mol,configs/experiments/appendix_path_space_control_cost/T1_double_well/pf_companion_ode.yaml
appendix_path_space_control_cost,T1_double_well,pf_companion_ode,R001,appendix_path_space_control_cost__T1_double_well__pf_companion_ode__R001,kl_pf_vs_girsanov,0.01642574,nats,configs/experiments/appendix_path_space_control_cost/T1_double_well/pf_companion_ode.yaml
appendix_path_space_control_cost,T1_double_well,pf_companion_ode,R001,appendix_path_space_control_cost__T1_double_well__pf_companion_ode__R001,logq_var,0.17477219,log_density_variance,configs/experiments/appendix_path_space_control_cost/T1_double_well/pf_companion_ode.yaml
appendix_path_space_control_cost,T1_double_well,girsanov_smc,R001,appendix_path_space_control_cost__T1_double_well__girsanov_smc__R001,wall_clock_seconds,3173.646,seconds,configs/experiments/appendix_path_space_control_cost/T1_double_well/girsanov_smc.yaml
appendix_path_space_control_cost,T1_double_well,girsanov_smc,R001,appendix_path_space_control_cost__T1_double_well__girsanov_smc__R001,cpu_seconds,2823.952,seconds,configs/experiments/appendix_path_space_control_cost/T1_double_well/girsanov_smc.yaml
appendix_path_space_control_cost,T1_double_well,girsanov_smc,R001,appendix_path_space_control_cost__T1_double_well__girsanov_smc__R001,gpu_seconds,NA,seconds,configs/experiments/appendix_path_space_control_cost/T1_double_well/girsanov_smc.yaml
appendix_path_space_control_cost,T1_double_well,girsanov_smc,R001,appendix_path_space_control_cost__T1_double_well__girsanov_smc__R001,peak_memory_mib,9970.883,MiB,configs/experiments/appendix_path_space_control_cost/T1_double_well/girsanov_smc.yaml
appendix_path_space_control_cost,T1_double_well,girsanov_smc,R001,appendix_path_space_control_cost__T1_double_well__girsanov_smc__R001,sample_count,9951,count,configs/experiments/appendix_path_space_control_cost/T1_double_well/girsanov_smc.yaml
appendix_path_space_control_cost,T1_double_well,girsanov_smc,R001,appendix_path_space_control_cost__T1_double_well__girsanov_smc__R001,target_energy_calls,40053,count,configs/experiments/appendix_path_space_control_cost/T1_double_well/girsanov_smc.yaml
appendix_path_space_control_cost,T1_double_well,girsanov_smc,R001,appendix_path_space_control_cost__T1_double_well__girsanov_smc__R001,force_calls,20846,count,configs/experiments/appendix_path_space_control_cost/T1_double_well/girsanov_smc.yaml
appendix_path_space_control_cost,T1_double_well,girsanov_smc,R001,appendix_path_space_control_cost__T1_double_well__girsanov_smc__R001,network_forward_calls,NA,count,configs/experiments/appendix_path_space_control_cost/T1_double_well/girsanov_smc.yaml
appendix_path_space_control_cost,T1_double_well,girsanov_smc,R001,appendix_path_space_control_cost__T1_double_well__girsanov_smc__R001,ode_evals,NA,count,configs/experiments/appendix_path_space_control_cost/T1_double_well/girsanov_smc.yaml
appendix_path_space_control_cost,T1_double_well,girsanov_smc,R001,appendix_path_space_control_cost__T1_double_well__girsanov_smc__R001,hutchinson_M,NA,count,configs/experiments/appendix_path_space_control_cost/T1_double_well/girsanov_smc.yaml
appendix_path_space_control_cost,T1_double_well,girsanov_smc,R001,appendix_path_space_control_cost__T1_double_well__girsanov_smc__R001,smc_particles,1966,count,configs/experiments/appendix_path_space_control_cost/T1_double_well/girsanov_smc.yaml
appendix_path_space_control_cost,T1_double_well,girsanov_smc,R001,appendix_path_space_control_cost__T1_double_well__girsanov_smc__R001,smc_resampling_steps,41,count,configs/experiments/appendix_path_space_control_cost/T1_double_well/girsanov_smc.yaml
appendix_path_space_control_cost,T1_double_well,girsanov_smc,R001,appendix_path_space_control_cost__T1_double_well__girsanov_smc__R001,ESS_N,0.45811347,fraction,configs/experiments/appendix_path_space_control_cost/T1_double_well/girsanov_smc.yaml
appendix_path_space_control_cost,T1_double_well,girsanov_smc,R001,appendix_path_space_control_cost__T1_double_well__girsanov_smc__R001,Deltaf_error,0.01821869,kcal_per_mol,configs/experiments/appendix_path_space_control_cost/T1_double_well/girsanov_smc.yaml
appendix_path_space_control_cost,T1_double_well,girsanov_smc,R001,appendix_path_space_control_cost__T1_double_well__girsanov_smc__R001,kl_pf_vs_girsanov,0.01077364,nats,configs/experiments/appendix_path_space_control_cost/T1_double_well/girsanov_smc.yaml
appendix_path_space_control_cost,T1_double_well,girsanov_smc,R001,appendix_path_space_control_cost__T1_double_well__girsanov_smc__R001,logq_var,0.12548011,log_density_variance,configs/experiments/appendix_path_space_control_cost/T1_double_well/girsanov_smc.yaml
appendix_path_space_control_cost,T1_double_well,path_integral_control,R001,appendix_path_space_control_cost__T1_double_well__path_integral_control__R001,wall_clock_seconds,1340.463139,seconds,configs/experiments/appendix_path_space_control_cost/T1_double_well/path_integral_control.yaml
appendix_path_space_control_cost,T1_double_well,path_integral_control,R001,appendix_path_space_control_cost__T1_double_well__path_integral_control__R001,cpu_seconds,3790.390028,seconds,configs/experiments/appendix_path_space_control_cost/T1_double_well/path_integral_control.yaml
appendix_path_space_control_cost,T1_double_well,path_integral_control,R001,appendix_path_space_control_cost__T1_double_well__path_integral_control__R001,gpu_seconds,922.435661,seconds,configs/experiments/appendix_path_space_control_cost/T1_double_well/path_integral_control.yaml
appendix_path_space_control_cost,T1_double_well,path_integral_control,R001,appendix_path_space_control_cost__T1_double_well__path_integral_control__R001,peak_memory_mib,2732,MiB,configs/experiments/appendix_path_space_control_cost/T1_double_well/path_integral_control.yaml
appendix_path_space_control_cost,T1_double_well,path_integral_control,R001,appendix_path_space_control_cost__T1_double_well__path_integral_control__R001,sample_count,20000,count,configs/experiments/appendix_path_space_control_cost/T1_double_well/path_integral_control.yaml
appendix_path_space_control_cost,T1_double_well,path_integral_control,R001,appendix_path_space_control_cost__T1_double_well__path_integral_control__R001,target_energy_calls,32680,count,configs/experiments/appendix_path_space_control_cost/T1_double_well/path_integral_control.yaml
appendix_path_space_control_cost,T1_double_well,path_integral_control,R001,appendix_path_space_control_cost__T1_double_well__path_integral_control__R001,force_calls,0,count,configs/experiments/appendix_path_space_control_cost/T1_double_well/path_integral_control.yaml
appendix_path_space_control_cost,T1_double_well,path_integral_control,R001,appendix_path_space_control_cost__T1_double_well__path_integral_control__R001,network_forward_calls,176217,count,configs/experiments/appendix_path_space_control_cost/T1_double_well/path_integral_control.yaml
appendix_path_space_control_cost,T1_double_well,path_integral_control,R001,appendix_path_space_control_cost__T1_double_well__path_integral_control__R001,ode_evals,111146,count,configs/experiments/appendix_path_space_control_cost/T1_double_well/path_integral_control.yaml
appendix_path_space_control_cost,T1_double_well,path_integral_control,R001,appendix_path_space_control_cost__T1_double_well__path_integral_control__R001,hutchinson_M,NA,count,configs/experiments/appendix_path_space_control_cost/T1_double_well/path_integral_control.yaml
appendix_path_space_control_cost,T1_double_well,path_integral_control,R001,appendix_path_space_control_cost__T1_double_well__path_integral_control__R001,smc_particles,2048,count,configs/experiments/appendix_path_space_control_cost/T1_double_well/path_integral_control.yaml
appendix_path_space_control_cost,T1_double_well,path_integral_control,R001,appendix_path_space_control_cost__T1_double_well__path_integral_control__R001,smc_resampling_steps,22,count,configs/experiments/appendix_path_space_control_cost/T1_double_well/path_integral_control.yaml
appendix_path_space_control_cost,T1_double_well,path_integral_control,R001,appendix_path_space_control_cost__T1_double_well__path_integral_control__R001,ESS_N,0.446744,dimensionless,configs/experiments/appendix_path_space_control_cost/T1_double_well/path_integral_control.yaml
appendix_path_space_control_cost,T1_double_well,path_integral_control,R001,appendix_path_space_control_cost__T1_double_well__path_integral_control__R001,Deltaf_error,0.033884,kcal_per_mol,configs/experiments/appendix_path_space_control_cost/T1_double_well/path_integral_control.yaml
appendix_path_space_control_cost,T1_double_well,path_integral_control,R001,appendix_path_space_control_cost__T1_double_well__path_integral_control__R001,kl_pf_vs_girsanov,0.013988,dimensionless,configs/experiments/appendix_path_space_control_cost/T1_double_well/path_integral_control.yaml
appendix_path_space_control_cost,T1_double_well,path_integral_control,R001,appendix_path_space_control_cost__T1_double_well__path_integral_control__R001,logq_var,0.145138,dimensionless,configs/experiments/appendix_path_space_control_cost/T1_double_well/path_integral_control.yaml
appendix_path_space_control_cost,T1_double_well,scld_smc,R001,appendix_path_space_control_cost__T1_double_well__scld_smc__R001,wall_clock_seconds,1672.697737,seconds,configs/experiments/appendix_path_space_control_cost/T1_double_well/scld_smc.yaml
appendix_path_space_control_cost,T1_double_well,scld_smc,R001,appendix_path_space_control_cost__T1_double_well__scld_smc__R001,cpu_seconds,5018.117085,seconds,configs/experiments/appendix_path_space_control_cost/T1_double_well/scld_smc.yaml
appendix_path_space_control_cost,T1_double_well,scld_smc,R001,appendix_path_space_control_cost__T1_double_well__scld_smc__R001,gpu_seconds,808.060806,seconds,configs/experiments/appendix_path_space_control_cost/T1_double_well/scld_smc.yaml
appendix_path_space_control_cost,T1_double_well,scld_smc,R001,appendix_path_space_control_cost__T1_double_well__scld_smc__R001,peak_memory_mib,3200,MiB,configs/experiments/appendix_path_space_control_cost/T1_double_well/scld_smc.yaml
appendix_path_space_control_cost,T1_double_well,scld_smc,R001,appendix_path_space_control_cost__T1_double_well__scld_smc__R001,sample_count,20000,count,configs/experiments/appendix_path_space_control_cost/T1_double_well/scld_smc.yaml
appendix_path_space_control_cost,T1_double_well,scld_smc,R001,appendix_path_space_control_cost__T1_double_well__scld_smc__R001,target_energy_calls,39046,count,configs/experiments/appendix_path_space_control_cost/T1_double_well/scld_smc.yaml
appendix_path_space_control_cost,T1_double_well,scld_smc,R001,appendix_path_space_control_cost__T1_double_well__scld_smc__R001,force_calls,0,count,configs/experiments/appendix_path_space_control_cost/T1_double_well/scld_smc.yaml
appendix_path_space_control_cost,T1_double_well,scld_smc,R001,appendix_path_space_control_cost__T1_double_well__scld_smc__R001,network_forward_calls,110074,count,configs/experiments/appendix_path_space_control_cost/T1_double_well/scld_smc.yaml
appendix_path_space_control_cost,T1_double_well,scld_smc,R001,appendix_path_space_control_cost__T1_double_well__scld_smc__R001,ode_evals,NA,count,configs/experiments/appendix_path_space_control_cost/T1_double_well/scld_smc.yaml
appendix_path_space_control_cost,T1_double_well,scld_smc,R001,appendix_path_space_control_cost__T1_double_well__scld_smc__R001,hutchinson_M,NA,count,configs/experiments/appendix_path_space_control_cost/T1_double_well/scld_smc.yaml
appendix_path_space_control_cost,T1_double_well,scld_smc,R001,appendix_path_space_control_cost__T1_double_well__scld_smc__R001,smc_particles,4096,count,configs/experiments/appendix_path_space_control_cost/T1_double_well/scld_smc.yaml
appendix_path_space_control_cost,T1_double_well,scld_smc,R001,appendix_path_space_control_cost__T1_double_well__scld_smc__R001,smc_resampling_steps,30,count,configs/experiments/appendix_path_space_control_cost/T1_double_well/scld_smc.yaml
appendix_path_space_control_cost,T1_double_well,scld_smc,R001,appendix_path_space_control_cost__T1_double_well__scld_smc__R001,ESS_N,0.402434,dimensionless,configs/experiments/appendix_path_space_control_cost/T1_double_well/scld_smc.yaml
appendix_path_space_control_cost,T1_double_well,scld_smc,R001,appendix_path_space_control_cost__T1_double_well__scld_smc__R001,Deltaf_error,0.036067,kcal_per_mol,configs/experiments/appendix_path_space_control_cost/T1_double_well/scld_smc.yaml
appendix_path_space_control_cost,T1_double_well,scld_smc,R001,appendix_path_space_control_cost__T1_double_well__scld_smc__R001,kl_pf_vs_girsanov,0.016637,dimensionless,configs/experiments/appendix_path_space_control_cost/T1_double_well/scld_smc.yaml
appendix_path_space_control_cost,T1_double_well,scld_smc,R001,appendix_path_space_control_cost__T1_double_well__scld_smc__R001,logq_var,0.149419,dimensionless,configs/experiments/appendix_path_space_control_cost/T1_double_well/scld_smc.yaml
appendix_path_space_control_cost,T1_double_well,pf_companion_ode,R002,appendix_path_space_control_cost__T1_double_well__pf_companion_ode__R002,wall_clock_seconds,693.4919,seconds,configs/experiments/appendix_path_space_control_cost/T1_double_well/pf_companion_ode.yaml
appendix_path_space_control_cost,T1_double_well,pf_companion_ode,R002,appendix_path_space_control_cost__T1_double_well__pf_companion_ode__R002,cpu_seconds,297.4406,seconds,configs/experiments/appendix_path_space_control_cost/T1_double_well/pf_companion_ode.yaml
appendix_path_space_control_cost,T1_double_well,pf_companion_ode,R002,appendix_path_space_control_cost__T1_double_well__pf_companion_ode__R002,gpu_seconds,692.9077,seconds,configs/experiments/appendix_path_space_control_cost/T1_double_well/pf_companion_ode.yaml
appendix_path_space_control_cost,T1_double_well,pf_companion_ode,R002,appendix_path_space_control_cost__T1_double_well__pf_companion_ode__R002,peak_memory_mib,7180.148,MiB,configs/experiments/appendix_path_space_control_cost/T1_double_well/pf_companion_ode.yaml
appendix_path_space_control_cost,T1_double_well,pf_companion_ode,R002,appendix_path_space_control_cost__T1_double_well__pf_companion_ode__R002,sample_count,10134,count,configs/experiments/appendix_path_space_control_cost/T1_double_well/pf_companion_ode.yaml
appendix_path_space_control_cost,T1_double_well,pf_companion_ode,R002,appendix_path_space_control_cost__T1_double_well__pf_companion_ode__R002,target_energy_calls,11204,count,configs/experiments/appendix_path_space_control_cost/T1_double_well/pf_companion_ode.yaml
appendix_path_space_control_cost,T1_double_well,pf_companion_ode,R002,appendix_path_space_control_cost__T1_double_well__pf_companion_ode__R002,force_calls,11050,count,configs/experiments/appendix_path_space_control_cost/T1_double_well/pf_companion_ode.yaml
appendix_path_space_control_cost,T1_double_well,pf_companion_ode,R002,appendix_path_space_control_cost__T1_double_well__pf_companion_ode__R002,network_forward_calls,892513,count,configs/experiments/appendix_path_space_control_cost/T1_double_well/pf_companion_ode.yaml
appendix_path_space_control_cost,T1_double_well,pf_companion_ode,R002,appendix_path_space_control_cost__T1_double_well__pf_companion_ode__R002,ode_evals,101176,count,configs/experiments/appendix_path_space_control_cost/T1_double_well/pf_companion_ode.yaml
appendix_path_space_control_cost,T1_double_well,pf_companion_ode,R002,appendix_path_space_control_cost__T1_double_well__pf_companion_ode__R002,hutchinson_M,8,count,configs/experiments/appendix_path_space_control_cost/T1_double_well/pf_companion_ode.yaml
appendix_path_space_control_cost,T1_double_well,pf_companion_ode,R002,appendix_path_space_control_cost__T1_double_well__pf_companion_ode__R002,smc_particles,NA,count,configs/experiments/appendix_path_space_control_cost/T1_double_well/pf_companion_ode.yaml
appendix_path_space_control_cost,T1_double_well,pf_companion_ode,R002,appendix_path_space_control_cost__T1_double_well__pf_companion_ode__R002,smc_resampling_steps,NA,count,configs/experiments/appendix_path_space_control_cost/T1_double_well/pf_companion_ode.yaml
appendix_path_space_control_cost,T1_double_well,pf_companion_ode,R002,appendix_path_space_control_cost__T1_double_well__pf_companion_ode__R002,ESS_N,0.46270406,fraction,configs/experiments/appendix_path_space_control_cost/T1_double_well/pf_companion_ode.yaml
appendix_path_space_control_cost,T1_double_well,pf_companion_ode,R002,appendix_path_space_control_cost__T1_double_well__pf_companion_ode__R002,Deltaf_error,0.01053465,kcal_per_mol,configs/experiments/appendix_path_space_control_cost/T1_double_well/pf_companion_ode.yaml
appendix_path_space_control_cost,T1_double_well,pf_companion_ode,R002,appendix_path_space_control_cost__T1_double_well__pf_companion_ode__R002,kl_pf_vs_girsanov,0.01588920,nats,configs/experiments/appendix_path_space_control_cost/T1_double_well/pf_companion_ode.yaml
appendix_path_space_control_cost,T1_double_well,pf_companion_ode,R002,appendix_path_space_control_cost__T1_double_well__pf_companion_ode__R002,logq_var,0.16345904,log_density_variance,configs/experiments/appendix_path_space_control_cost/T1_double_well/pf_companion_ode.yaml
appendix_path_space_control_cost,T1_double_well,girsanov_smc,R002,appendix_path_space_control_cost__T1_double_well__girsanov_smc__R002,wall_clock_seconds,3343.982,seconds,configs/experiments/appendix_path_space_control_cost/T1_double_well/girsanov_smc.yaml
appendix_path_space_control_cost,T1_double_well,girsanov_smc,R002,appendix_path_space_control_cost__T1_double_well__girsanov_smc__R002,cpu_seconds,3431.952,seconds,configs/experiments/appendix_path_space_control_cost/T1_double_well/girsanov_smc.yaml
appendix_path_space_control_cost,T1_double_well,girsanov_smc,R002,appendix_path_space_control_cost__T1_double_well__girsanov_smc__R002,gpu_seconds,NA,seconds,configs/experiments/appendix_path_space_control_cost/T1_double_well/girsanov_smc.yaml
appendix_path_space_control_cost,T1_double_well,girsanov_smc,R002,appendix_path_space_control_cost__T1_double_well__girsanov_smc__R002,peak_memory_mib,11864.214,MiB,configs/experiments/appendix_path_space_control_cost/T1_double_well/girsanov_smc.yaml
appendix_path_space_control_cost,T1_double_well,girsanov_smc,R002,appendix_path_space_control_cost__T1_double_well__girsanov_smc__R002,sample_count,10132,count,configs/experiments/appendix_path_space_control_cost/T1_double_well/girsanov_smc.yaml
appendix_path_space_control_cost,T1_double_well,girsanov_smc,R002,appendix_path_space_control_cost__T1_double_well__girsanov_smc__R002,target_energy_calls,42242,count,configs/experiments/appendix_path_space_control_cost/T1_double_well/girsanov_smc.yaml
appendix_path_space_control_cost,T1_double_well,girsanov_smc,R002,appendix_path_space_control_cost__T1_double_well__girsanov_smc__R002,force_calls,20596,count,configs/experiments/appendix_path_space_control_cost/T1_double_well/girsanov_smc.yaml
appendix_path_space_control_cost,T1_double_well,girsanov_smc,R002,appendix_path_space_control_cost__T1_double_well__girsanov_smc__R002,network_forward_calls,NA,count,configs/experiments/appendix_path_space_control_cost/T1_double_well/girsanov_smc.yaml
appendix_path_space_control_cost,T1_double_well,girsanov_smc,R002,appendix_path_space_control_cost__T1_double_well__girsanov_smc__R002,ode_evals,NA,count,configs/experiments/appendix_path_space_control_cost/T1_double_well/girsanov_smc.yaml
appendix_path_space_control_cost,T1_double_well,girsanov_smc,R002,appendix_path_space_control_cost__T1_double_well__girsanov_smc__R002,hutchinson_M,NA,count,configs/experiments/appendix_path_space_control_cost/T1_double_well/girsanov_smc.yaml
appendix_path_space_control_cost,T1_double_well,girsanov_smc,R002,appendix_path_space_control_cost__T1_double_well__girsanov_smc__R002,smc_particles,1919,count,configs/experiments/appendix_path_space_control_cost/T1_double_well/girsanov_smc.yaml
appendix_path_space_control_cost,T1_double_well,girsanov_smc,R002,appendix_path_space_control_cost__T1_double_well__girsanov_smc__R002,smc_resampling_steps,40,count,configs/experiments/appendix_path_space_control_cost/T1_double_well/girsanov_smc.yaml
appendix_path_space_control_cost,T1_double_well,girsanov_smc,R002,appendix_path_space_control_cost__T1_double_well__girsanov_smc__R002,ESS_N,0.46409191,fraction,configs/experiments/appendix_path_space_control_cost/T1_double_well/girsanov_smc.yaml
appendix_path_space_control_cost,T1_double_well,girsanov_smc,R002,appendix_path_space_control_cost__T1_double_well__girsanov_smc__R002,Deltaf_error,0.01261578,kcal_per_mol,configs/experiments/appendix_path_space_control_cost/T1_double_well/girsanov_smc.yaml
appendix_path_space_control_cost,T1_double_well,girsanov_smc,R002,appendix_path_space_control_cost__T1_double_well__girsanov_smc__R002,kl_pf_vs_girsanov,0.01775458,nats,configs/experiments/appendix_path_space_control_cost/T1_double_well/girsanov_smc.yaml
appendix_path_space_control_cost,T1_double_well,girsanov_smc,R002,appendix_path_space_control_cost__T1_double_well__girsanov_smc__R002,logq_var,0.18480031,log_density_variance,configs/experiments/appendix_path_space_control_cost/T1_double_well/girsanov_smc.yaml
appendix_path_space_control_cost,T1_double_well,path_integral_control,R002,appendix_path_space_control_cost__T1_double_well__path_integral_control__R002,wall_clock_seconds,1288.36195,seconds,configs/experiments/appendix_path_space_control_cost/T1_double_well/path_integral_control.yaml
appendix_path_space_control_cost,T1_double_well,path_integral_control,R002,appendix_path_space_control_cost__T1_double_well__path_integral_control__R002,cpu_seconds,3651.982166,seconds,configs/experiments/appendix_path_space_control_cost/T1_double_well/path_integral_control.yaml
appendix_path_space_control_cost,T1_double_well,path_integral_control,R002,appendix_path_space_control_cost__T1_double_well__path_integral_control__R002,gpu_seconds,952.224696,seconds,configs/experiments/appendix_path_space_control_cost/T1_double_well/path_integral_control.yaml
appendix_path_space_control_cost,T1_double_well,path_integral_control,R002,appendix_path_space_control_cost__T1_double_well__path_integral_control__R002,peak_memory_mib,2684,MiB,configs/experiments/appendix_path_space_control_cost/T1_double_well/path_integral_control.yaml
appendix_path_space_control_cost,T1_double_well,path_integral_control,R002,appendix_path_space_control_cost__T1_double_well__path_integral_control__R002,sample_count,20000,count,configs/experiments/appendix_path_space_control_cost/T1_double_well/path_integral_control.yaml
appendix_path_space_control_cost,T1_double_well,path_integral_control,R002,appendix_path_space_control_cost__T1_double_well__path_integral_control__R002,target_energy_calls,32378,count,configs/experiments/appendix_path_space_control_cost/T1_double_well/path_integral_control.yaml
appendix_path_space_control_cost,T1_double_well,path_integral_control,R002,appendix_path_space_control_cost__T1_double_well__path_integral_control__R002,force_calls,0,count,configs/experiments/appendix_path_space_control_cost/T1_double_well/path_integral_control.yaml
appendix_path_space_control_cost,T1_double_well,path_integral_control,R002,appendix_path_space_control_cost__T1_double_well__path_integral_control__R002,network_forward_calls,179069,count,configs/experiments/appendix_path_space_control_cost/T1_double_well/path_integral_control.yaml
appendix_path_space_control_cost,T1_double_well,path_integral_control,R002,appendix_path_space_control_cost__T1_double_well__path_integral_control__R002,ode_evals,131905,count,configs/experiments/appendix_path_space_control_cost/T1_double_well/path_integral_control.yaml
appendix_path_space_control_cost,T1_double_well,path_integral_control,R002,appendix_path_space_control_cost__T1_double_well__path_integral_control__R002,hutchinson_M,NA,count,configs/experiments/appendix_path_space_control_cost/T1_double_well/path_integral_control.yaml
appendix_path_space_control_cost,T1_double_well,path_integral_control,R002,appendix_path_space_control_cost__T1_double_well__path_integral_control__R002,smc_particles,2048,count,configs/experiments/appendix_path_space_control_cost/T1_double_well/path_integral_control.yaml
appendix_path_space_control_cost,T1_double_well,path_integral_control,R002,appendix_path_space_control_cost__T1_double_well__path_integral_control__R002,smc_resampling_steps,18,count,configs/experiments/appendix_path_space_control_cost/T1_double_well/path_integral_control.yaml
appendix_path_space_control_cost,T1_double_well,path_integral_control,R002,appendix_path_space_control_cost__T1_double_well__path_integral_control__R002,ESS_N,0.433023,dimensionless,configs/experiments/appendix_path_space_control_cost/T1_double_well/path_integral_control.yaml
appendix_path_space_control_cost,T1_double_well,path_integral_control,R002,appendix_path_space_control_cost__T1_double_well__path_integral_control__R002,Deltaf_error,0.028664,kcal_per_mol,configs/experiments/appendix_path_space_control_cost/T1_double_well/path_integral_control.yaml
appendix_path_space_control_cost,T1_double_well,path_integral_control,R002,appendix_path_space_control_cost__T1_double_well__path_integral_control__R002,kl_pf_vs_girsanov,0.006709,dimensionless,configs/experiments/appendix_path_space_control_cost/T1_double_well/path_integral_control.yaml
appendix_path_space_control_cost,T1_double_well,path_integral_control,R002,appendix_path_space_control_cost__T1_double_well__path_integral_control__R002,logq_var,0.170459,dimensionless,configs/experiments/appendix_path_space_control_cost/T1_double_well/path_integral_control.yaml
appendix_path_space_control_cost,T1_double_well,scld_smc,R002,appendix_path_space_control_cost__T1_double_well__scld_smc__R002,wall_clock_seconds,1612.83515,seconds,configs/experiments/appendix_path_space_control_cost/T1_double_well/scld_smc.yaml
appendix_path_space_control_cost,T1_double_well,scld_smc,R002,appendix_path_space_control_cost__T1_double_well__scld_smc__R002,cpu_seconds,5132.414215,seconds,configs/experiments/appendix_path_space_control_cost/T1_double_well/scld_smc.yaml
appendix_path_space_control_cost,T1_double_well,scld_smc,R002,appendix_path_space_control_cost__T1_double_well__scld_smc__R002,gpu_seconds,726.974402,seconds,configs/experiments/appendix_path_space_control_cost/T1_double_well/scld_smc.yaml
appendix_path_space_control_cost,T1_double_well,scld_smc,R002,appendix_path_space_control_cost__T1_double_well__scld_smc__R002,peak_memory_mib,3280,MiB,configs/experiments/appendix_path_space_control_cost/T1_double_well/scld_smc.yaml
appendix_path_space_control_cost,T1_double_well,scld_smc,R002,appendix_path_space_control_cost__T1_double_well__scld_smc__R002,sample_count,20000,count,configs/experiments/appendix_path_space_control_cost/T1_double_well/scld_smc.yaml
appendix_path_space_control_cost,T1_double_well,scld_smc,R002,appendix_path_space_control_cost__T1_double_well__scld_smc__R002,target_energy_calls,37182,count,configs/experiments/appendix_path_space_control_cost/T1_double_well/scld_smc.yaml
appendix_path_space_control_cost,T1_double_well,scld_smc,R002,appendix_path_space_control_cost__T1_double_well__scld_smc__R002,force_calls,0,count,configs/experiments/appendix_path_space_control_cost/T1_double_well/scld_smc.yaml
appendix_path_space_control_cost,T1_double_well,scld_smc,R002,appendix_path_space_control_cost__T1_double_well__scld_smc__R002,network_forward_calls,119660,count,configs/experiments/appendix_path_space_control_cost/T1_double_well/scld_smc.yaml
appendix_path_space_control_cost,T1_double_well,scld_smc,R002,appendix_path_space_control_cost__T1_double_well__scld_smc__R002,ode_evals,NA,count,configs/experiments/appendix_path_space_control_cost/T1_double_well/scld_smc.yaml
appendix_path_space_control_cost,T1_double_well,scld_smc,R002,appendix_path_space_control_cost__T1_double_well__scld_smc__R002,hutchinson_M,NA,count,configs/experiments/appendix_path_space_control_cost/T1_double_well/scld_smc.yaml
appendix_path_space_control_cost,T1_double_well,scld_smc,R002,appendix_path_space_control_cost__T1_double_well__scld_smc__R002,smc_particles,4096,count,configs/experiments/appendix_path_space_control_cost/T1_double_well/scld_smc.yaml
appendix_path_space_control_cost,T1_double_well,scld_smc,R002,appendix_path_space_control_cost__T1_double_well__scld_smc__R002,smc_resampling_steps,29,count,configs/experiments/appendix_path_space_control_cost/T1_double_well/scld_smc.yaml
appendix_path_space_control_cost,T1_double_well,scld_smc,R002,appendix_path_space_control_cost__T1_double_well__scld_smc__R002,ESS_N,0.44519,dimensionless,configs/experiments/appendix_path_space_control_cost/T1_double_well/scld_smc.yaml
appendix_path_space_control_cost,T1_double_well,scld_smc,R002,appendix_path_space_control_cost__T1_double_well__scld_smc__R002,Deltaf_error,0.040722,kcal_per_mol,configs/experiments/appendix_path_space_control_cost/T1_double_well/scld_smc.yaml
appendix_path_space_control_cost,T1_double_well,scld_smc,R002,appendix_path_space_control_cost__T1_double_well__scld_smc__R002,kl_pf_vs_girsanov,0.02041,dimensionless,configs/experiments/appendix_path_space_control_cost/T1_double_well/scld_smc.yaml
appendix_path_space_control_cost,T1_double_well,scld_smc,R002,appendix_path_space_control_cost__T1_double_well__scld_smc__R002,logq_var,0.139579,dimensionless,configs/experiments/appendix_path_space_control_cost/T1_double_well/scld_smc.yaml
appendix_path_space_control_cost,T1_double_well,pf_companion_ode,R003,appendix_path_space_control_cost__T1_double_well__pf_companion_ode__R003,wall_clock_seconds,683.2535,seconds,configs/experiments/appendix_path_space_control_cost/T1_double_well/pf_companion_ode.yaml
appendix_path_space_control_cost,T1_double_well,pf_companion_ode,R003,appendix_path_space_control_cost__T1_double_well__pf_companion_ode__R003,cpu_seconds,193.5133,seconds,configs/experiments/appendix_path_space_control_cost/T1_double_well/pf_companion_ode.yaml
appendix_path_space_control_cost,T1_double_well,pf_companion_ode,R003,appendix_path_space_control_cost__T1_double_well__pf_companion_ode__R003,gpu_seconds,681.7847,seconds,configs/experiments/appendix_path_space_control_cost/T1_double_well/pf_companion_ode.yaml
appendix_path_space_control_cost,T1_double_well,pf_companion_ode,R003,appendix_path_space_control_cost__T1_double_well__pf_companion_ode__R003,peak_memory_mib,7034.199,MiB,configs/experiments/appendix_path_space_control_cost/T1_double_well/pf_companion_ode.yaml
appendix_path_space_control_cost,T1_double_well,pf_companion_ode,R003,appendix_path_space_control_cost__T1_double_well__pf_companion_ode__R003,sample_count,10109,count,configs/experiments/appendix_path_space_control_cost/T1_double_well/pf_companion_ode.yaml
appendix_path_space_control_cost,T1_double_well,pf_companion_ode,R003,appendix_path_space_control_cost__T1_double_well__pf_companion_ode__R003,target_energy_calls,10826,count,configs/experiments/appendix_path_space_control_cost/T1_double_well/pf_companion_ode.yaml
appendix_path_space_control_cost,T1_double_well,pf_companion_ode,R003,appendix_path_space_control_cost__T1_double_well__pf_companion_ode__R003,force_calls,10927,count,configs/experiments/appendix_path_space_control_cost/T1_double_well/pf_companion_ode.yaml
appendix_path_space_control_cost,T1_double_well,pf_companion_ode,R003,appendix_path_space_control_cost__T1_double_well__pf_companion_ode__R003,network_forward_calls,939586,count,configs/experiments/appendix_path_space_control_cost/T1_double_well/pf_companion_ode.yaml
appendix_path_space_control_cost,T1_double_well,pf_companion_ode,R003,appendix_path_space_control_cost__T1_double_well__pf_companion_ode__R003,ode_evals,101901,count,configs/experiments/appendix_path_space_control_cost/T1_double_well/pf_companion_ode.yaml
appendix_path_space_control_cost,T1_double_well,pf_companion_ode,R003,appendix_path_space_control_cost__T1_double_well__pf_companion_ode__R003,hutchinson_M,8,count,configs/experiments/appendix_path_space_control_cost/T1_double_well/pf_companion_ode.yaml
appendix_path_space_control_cost,T1_double_well,pf_companion_ode,R003,appendix_path_space_control_cost__T1_double_well__pf_companion_ode__R003,smc_particles,NA,count,configs/experiments/appendix_path_space_control_cost/T1_double_well/pf_companion_ode.yaml
appendix_path_space_control_cost,T1_double_well,pf_companion_ode,R003,appendix_path_space_control_cost__T1_double_well__pf_companion_ode__R003,smc_resampling_steps,NA,count,configs/experiments/appendix_path_space_control_cost/T1_double_well/pf_companion_ode.yaml
appendix_path_space_control_cost,T1_double_well,pf_companion_ode,R003,appendix_path_space_control_cost__T1_double_well__pf_companion_ode__R003,ESS_N,0.45967392,fraction,configs/experiments/appendix_path_space_control_cost/T1_double_well/pf_companion_ode.yaml
appendix_path_space_control_cost,T1_double_well,pf_companion_ode,R003,appendix_path_space_control_cost__T1_double_well__pf_companion_ode__R003,Deltaf_error,0.01689708,kcal_per_mol,configs/experiments/appendix_path_space_control_cost/T1_double_well/pf_companion_ode.yaml
appendix_path_space_control_cost,T1_double_well,pf_companion_ode,R003,appendix_path_space_control_cost__T1_double_well__pf_companion_ode__R003,kl_pf_vs_girsanov,0.01822837,nats,configs/experiments/appendix_path_space_control_cost/T1_double_well/pf_companion_ode.yaml
appendix_path_space_control_cost,T1_double_well,pf_companion_ode,R003,appendix_path_space_control_cost__T1_double_well__pf_companion_ode__R003,logq_var,0.13331499,log_density_variance,configs/experiments/appendix_path_space_control_cost/T1_double_well/pf_companion_ode.yaml
appendix_path_space_control_cost,T1_double_well,girsanov_smc,R003,appendix_path_space_control_cost__T1_double_well__girsanov_smc__R003,wall_clock_seconds,3618.065,seconds,configs/experiments/appendix_path_space_control_cost/T1_double_well/girsanov_smc.yaml
appendix_path_space_control_cost,T1_double_well,girsanov_smc,R003,appendix_path_space_control_cost__T1_double_well__girsanov_smc__R003,cpu_seconds,3557.250,seconds,configs/experiments/appendix_path_space_control_cost/T1_double_well/girsanov_smc.yaml
appendix_path_space_control_cost,T1_double_well,girsanov_smc,R003,appendix_path_space_control_cost__T1_double_well__girsanov_smc__R003,gpu_seconds,NA,seconds,configs/experiments/appendix_path_space_control_cost/T1_double_well/girsanov_smc.yaml
appendix_path_space_control_cost,T1_double_well,girsanov_smc,R003,appendix_path_space_control_cost__T1_double_well__girsanov_smc__R003,peak_memory_mib,11619.698,MiB,configs/experiments/appendix_path_space_control_cost/T1_double_well/girsanov_smc.yaml
appendix_path_space_control_cost,T1_double_well,girsanov_smc,R003,appendix_path_space_control_cost__T1_double_well__girsanov_smc__R003,sample_count,10071,count,configs/experiments/appendix_path_space_control_cost/T1_double_well/girsanov_smc.yaml
appendix_path_space_control_cost,T1_double_well,girsanov_smc,R003,appendix_path_space_control_cost__T1_double_well__girsanov_smc__R003,target_energy_calls,41257,count,configs/experiments/appendix_path_space_control_cost/T1_double_well/girsanov_smc.yaml
appendix_path_space_control_cost,T1_double_well,girsanov_smc,R003,appendix_path_space_control_cost__T1_double_well__girsanov_smc__R003,force_calls,19799,count,configs/experiments/appendix_path_space_control_cost/T1_double_well/girsanov_smc.yaml
appendix_path_space_control_cost,T1_double_well,girsanov_smc,R003,appendix_path_space_control_cost__T1_double_well__girsanov_smc__R003,network_forward_calls,NA,count,configs/experiments/appendix_path_space_control_cost/T1_double_well/girsanov_smc.yaml
appendix_path_space_control_cost,T1_double_well,girsanov_smc,R003,appendix_path_space_control_cost__T1_double_well__girsanov_smc__R003,ode_evals,NA,count,configs/experiments/appendix_path_space_control_cost/T1_double_well/girsanov_smc.yaml
appendix_path_space_control_cost,T1_double_well,girsanov_smc,R003,appendix_path_space_control_cost__T1_double_well__girsanov_smc__R003,hutchinson_M,NA,count,configs/experiments/appendix_path_space_control_cost/T1_double_well/girsanov_smc.yaml
appendix_path_space_control_cost,T1_double_well,girsanov_smc,R003,appendix_path_space_control_cost__T1_double_well__girsanov_smc__R003,smc_particles,1925,count,configs/experiments/appendix_path_space_control_cost/T1_double_well/girsanov_smc.yaml
appendix_path_space_control_cost,T1_double_well,girsanov_smc,R003,appendix_path_space_control_cost__T1_double_well__girsanov_smc__R003,smc_resampling_steps,37,count,configs/experiments/appendix_path_space_control_cost/T1_double_well/girsanov_smc.yaml
appendix_path_space_control_cost,T1_double_well,girsanov_smc,R003,appendix_path_space_control_cost__T1_double_well__girsanov_smc__R003,ESS_N,0.43929723,fraction,configs/experiments/appendix_path_space_control_cost/T1_double_well/girsanov_smc.yaml
appendix_path_space_control_cost,T1_double_well,girsanov_smc,R003,appendix_path_space_control_cost__T1_double_well__girsanov_smc__R003,Deltaf_error,0.02151376,kcal_per_mol,configs/experiments/appendix_path_space_control_cost/T1_double_well/girsanov_smc.yaml
appendix_path_space_control_cost,T1_double_well,girsanov_smc,R003,appendix_path_space_control_cost__T1_double_well__girsanov_smc__R003,kl_pf_vs_girsanov,0.01734642,nats,configs/experiments/appendix_path_space_control_cost/T1_double_well/girsanov_smc.yaml
appendix_path_space_control_cost,T1_double_well,girsanov_smc,R003,appendix_path_space_control_cost__T1_double_well__girsanov_smc__R003,logq_var,0.24532713,log_density_variance,configs/experiments/appendix_path_space_control_cost/T1_double_well/girsanov_smc.yaml
appendix_path_space_control_cost,T1_double_well,path_integral_control,R003,appendix_path_space_control_cost__T1_double_well__path_integral_control__R003,wall_clock_seconds,1414.230221,seconds,configs/experiments/appendix_path_space_control_cost/T1_double_well/path_integral_control.yaml
appendix_path_space_control_cost,T1_double_well,path_integral_control,R003,appendix_path_space_control_cost__T1_double_well__path_integral_control__R003,cpu_seconds,3574.550156,seconds,configs/experiments/appendix_path_space_control_cost/T1_double_well/path_integral_control.yaml
appendix_path_space_control_cost,T1_double_well,path_integral_control,R003,appendix_path_space_control_cost__T1_double_well__path_integral_control__R003,gpu_seconds,929.098737,seconds,configs/experiments/appendix_path_space_control_cost/T1_double_well/path_integral_control.yaml
appendix_path_space_control_cost,T1_double_well,path_integral_control,R003,appendix_path_space_control_cost__T1_double_well__path_integral_control__R003,peak_memory_mib,2803,MiB,configs/experiments/appendix_path_space_control_cost/T1_double_well/path_integral_control.yaml
appendix_path_space_control_cost,T1_double_well,path_integral_control,R003,appendix_path_space_control_cost__T1_double_well__path_integral_control__R003,sample_count,20000,count,configs/experiments/appendix_path_space_control_cost/T1_double_well/path_integral_control.yaml
appendix_path_space_control_cost,T1_double_well,path_integral_control,R003,appendix_path_space_control_cost__T1_double_well__path_integral_control__R003,target_energy_calls,31664,count,configs/experiments/appendix_path_space_control_cost/T1_double_well/path_integral_control.yaml
appendix_path_space_control_cost,T1_double_well,path_integral_control,R003,appendix_path_space_control_cost__T1_double_well__path_integral_control__R003,force_calls,0,count,configs/experiments/appendix_path_space_control_cost/T1_double_well/path_integral_control.yaml
appendix_path_space_control_cost,T1_double_well,path_integral_control,R003,appendix_path_space_control_cost__T1_double_well__path_integral_control__R003,network_forward_calls,176401,count,configs/experiments/appendix_path_space_control_cost/T1_double_well/path_integral_control.yaml
appendix_path_space_control_cost,T1_double_well,path_integral_control,R003,appendix_path_space_control_cost__T1_double_well__path_integral_control__R003,ode_evals,123331,count,configs/experiments/appendix_path_space_control_cost/T1_double_well/path_integral_control.yaml
appendix_path_space_control_cost,T1_double_well,path_integral_control,R003,appendix_path_space_control_cost__T1_double_well__path_integral_control__R003,hutchinson_M,NA,count,configs/experiments/appendix_path_space_control_cost/T1_double_well/path_integral_control.yaml
appendix_path_space_control_cost,T1_double_well,path_integral_control,R003,appendix_path_space_control_cost__T1_double_well__path_integral_control__R003,smc_particles,2048,count,configs/experiments/appendix_path_space_control_cost/T1_double_well/path_integral_control.yaml
appendix_path_space_control_cost,T1_double_well,path_integral_control,R003,appendix_path_space_control_cost__T1_double_well__path_integral_control__R003,smc_resampling_steps,25,count,configs/experiments/appendix_path_space_control_cost/T1_double_well/path_integral_control.yaml
appendix_path_space_control_cost,T1_double_well,path_integral_control,R003,appendix_path_space_control_cost__T1_double_well__path_integral_control__R003,ESS_N,0.459103,dimensionless,configs/experiments/appendix_path_space_control_cost/T1_double_well/path_integral_control.yaml
appendix_path_space_control_cost,T1_double_well,path_integral_control,R003,appendix_path_space_control_cost__T1_double_well__path_integral_control__R003,Deltaf_error,0.034868,kcal_per_mol,configs/experiments/appendix_path_space_control_cost/T1_double_well/path_integral_control.yaml
appendix_path_space_control_cost,T1_double_well,path_integral_control,R003,appendix_path_space_control_cost__T1_double_well__path_integral_control__R003,kl_pf_vs_girsanov,0.01913,dimensionless,configs/experiments/appendix_path_space_control_cost/T1_double_well/path_integral_control.yaml
appendix_path_space_control_cost,T1_double_well,path_integral_control,R003,appendix_path_space_control_cost__T1_double_well__path_integral_control__R003,logq_var,0.193989,dimensionless,configs/experiments/appendix_path_space_control_cost/T1_double_well/path_integral_control.yaml
appendix_path_space_control_cost,T1_double_well,scld_smc,R003,appendix_path_space_control_cost__T1_double_well__scld_smc__R003,wall_clock_seconds,1636.666961,seconds,configs/experiments/appendix_path_space_control_cost/T1_double_well/scld_smc.yaml
appendix_path_space_control_cost,T1_double_well,scld_smc,R003,appendix_path_space_control_cost__T1_double_well__scld_smc__R003,cpu_seconds,5111.768481,seconds,configs/experiments/appendix_path_space_control_cost/T1_double_well/scld_smc.yaml
appendix_path_space_control_cost,T1_double_well,scld_smc,R003,appendix_path_space_control_cost__T1_double_well__scld_smc__R003,gpu_seconds,746.450909,seconds,configs/experiments/appendix_path_space_control_cost/T1_double_well/scld_smc.yaml
appendix_path_space_control_cost,T1_double_well,scld_smc,R003,appendix_path_space_control_cost__T1_double_well__scld_smc__R003,peak_memory_mib,3225,MiB,configs/experiments/appendix_path_space_control_cost/T1_double_well/scld_smc.yaml
appendix_path_space_control_cost,T1_double_well,scld_smc,R003,appendix_path_space_control_cost__T1_double_well__scld_smc__R003,sample_count,20000,count,configs/experiments/appendix_path_space_control_cost/T1_double_well/scld_smc.yaml
appendix_path_space_control_cost,T1_double_well,scld_smc,R003,appendix_path_space_control_cost__T1_double_well__scld_smc__R003,target_energy_calls,36840,count,configs/experiments/appendix_path_space_control_cost/T1_double_well/scld_smc.yaml
appendix_path_space_control_cost,T1_double_well,scld_smc,R003,appendix_path_space_control_cost__T1_double_well__scld_smc__R003,force_calls,0,count,configs/experiments/appendix_path_space_control_cost/T1_double_well/scld_smc.yaml
appendix_path_space_control_cost,T1_double_well,scld_smc,R003,appendix_path_space_control_cost__T1_double_well__scld_smc__R003,network_forward_calls,114874,count,configs/experiments/appendix_path_space_control_cost/T1_double_well/scld_smc.yaml
appendix_path_space_control_cost,T1_double_well,scld_smc,R003,appendix_path_space_control_cost__T1_double_well__scld_smc__R003,ode_evals,NA,count,configs/experiments/appendix_path_space_control_cost/T1_double_well/scld_smc.yaml
appendix_path_space_control_cost,T1_double_well,scld_smc,R003,appendix_path_space_control_cost__T1_double_well__scld_smc__R003,hutchinson_M,NA,count,configs/experiments/appendix_path_space_control_cost/T1_double_well/scld_smc.yaml
appendix_path_space_control_cost,T1_double_well,scld_smc,R003,appendix_path_space_control_cost__T1_double_well__scld_smc__R003,smc_particles,4096,count,configs/experiments/appendix_path_space_control_cost/T1_double_well/scld_smc.yaml
appendix_path_space_control_cost,T1_double_well,scld_smc,R003,appendix_path_space_control_cost__T1_double_well__scld_smc__R003,smc_resampling_steps,33,count,configs/experiments/appendix_path_space_control_cost/T1_double_well/scld_smc.yaml
appendix_path_space_control_cost,T1_double_well,scld_smc,R003,appendix_path_space_control_cost__T1_double_well__scld_smc__R003,ESS_N,0.454117,dimensionless,configs/experiments/appendix_path_space_control_cost/T1_double_well/scld_smc.yaml
appendix_path_space_control_cost,T1_double_well,scld_smc,R003,appendix_path_space_control_cost__T1_double_well__scld_smc__R003,Deltaf_error,0.034118,kcal_per_mol,configs/experiments/appendix_path_space_control_cost/T1_double_well/scld_smc.yaml
appendix_path_space_control_cost,T1_double_well,scld_smc,R003,appendix_path_space_control_cost__T1_double_well__scld_smc__R003,kl_pf_vs_girsanov,0.021812,dimensionless,configs/experiments/appendix_path_space_control_cost/T1_double_well/scld_smc.yaml
appendix_path_space_control_cost,T1_double_well,scld_smc,R003,appendix_path_space_control_cost__T1_double_well__scld_smc__R003,logq_var,0.152927,dimensionless,configs/experiments/appendix_path_space_control_cost/T1_double_well/scld_smc.yaml
appendix_path_space_control_cost,T1_double_well,pf_companion_ode,R004,appendix_path_space_control_cost__T1_double_well__pf_companion_ode__R004,wall_clock_seconds,845.1959,seconds,configs/experiments/appendix_path_space_control_cost/T1_double_well/pf_companion_ode.yaml
appendix_path_space_control_cost,T1_double_well,pf_companion_ode,R004,appendix_path_space_control_cost__T1_double_well__pf_companion_ode__R004,cpu_seconds,243.7129,seconds,configs/experiments/appendix_path_space_control_cost/T1_double_well/pf_companion_ode.yaml
appendix_path_space_control_cost,T1_double_well,pf_companion_ode,R004,appendix_path_space_control_cost__T1_double_well__pf_companion_ode__R004,gpu_seconds,695.1804,seconds,configs/experiments/appendix_path_space_control_cost/T1_double_well/pf_companion_ode.yaml
appendix_path_space_control_cost,T1_double_well,pf_companion_ode,R004,appendix_path_space_control_cost__T1_double_well__pf_companion_ode__R004,peak_memory_mib,6959.223,MiB,configs/experiments/appendix_path_space_control_cost/T1_double_well/pf_companion_ode.yaml
appendix_path_space_control_cost,T1_double_well,pf_companion_ode,R004,appendix_path_space_control_cost__T1_double_well__pf_companion_ode__R004,sample_count,9932,count,configs/experiments/appendix_path_space_control_cost/T1_double_well/pf_companion_ode.yaml
appendix_path_space_control_cost,T1_double_well,pf_companion_ode,R004,appendix_path_space_control_cost__T1_double_well__pf_companion_ode__R004,target_energy_calls,11113,count,configs/experiments/appendix_path_space_control_cost/T1_double_well/pf_companion_ode.yaml
appendix_path_space_control_cost,T1_double_well,pf_companion_ode,R004,appendix_path_space_control_cost__T1_double_well__pf_companion_ode__R004,force_calls,11415,count,configs/experiments/appendix_path_space_control_cost/T1_double_well/pf_companion_ode.yaml
appendix_path_space_control_cost,T1_double_well,pf_companion_ode,R004,appendix_path_space_control_cost__T1_double_well__pf_companion_ode__R004,network_forward_calls,937302,count,configs/experiments/appendix_path_space_control_cost/T1_double_well/pf_companion_ode.yaml
appendix_path_space_control_cost,T1_double_well,pf_companion_ode,R004,appendix_path_space_control_cost__T1_double_well__pf_companion_ode__R004,ode_evals,97429,count,configs/experiments/appendix_path_space_control_cost/T1_double_well/pf_companion_ode.yaml
appendix_path_space_control_cost,T1_double_well,pf_companion_ode,R004,appendix_path_space_control_cost__T1_double_well__pf_companion_ode__R004,hutchinson_M,8,count,configs/experiments/appendix_path_space_control_cost/T1_double_well/pf_companion_ode.yaml
appendix_path_space_control_cost,T1_double_well,pf_companion_ode,R004,appendix_path_space_control_cost__T1_double_well__pf_companion_ode__R004,smc_particles,NA,count,configs/experiments/appendix_path_space_control_cost/T1_double_well/pf_companion_ode.yaml
appendix_path_space_control_cost,T1_double_well,pf_companion_ode,R004,appendix_path_space_control_cost__T1_double_well__pf_companion_ode__R004,smc_resampling_steps,NA,count,configs/experiments/appendix_path_space_control_cost/T1_double_well/pf_companion_ode.yaml
appendix_path_space_control_cost,T1_double_well,pf_companion_ode,R004,appendix_path_space_control_cost__T1_double_well__pf_companion_ode__R004,ESS_N,0.46070526,fraction,configs/experiments/appendix_path_space_control_cost/T1_double_well/pf_companion_ode.yaml
appendix_path_space_control_cost,T1_double_well,pf_companion_ode,R004,appendix_path_space_control_cost__T1_double_well__pf_companion_ode__R004,Deltaf_error,0.01489669,kcal_per_mol,configs/experiments/appendix_path_space_control_cost/T1_double_well/pf_companion_ode.yaml
appendix_path_space_control_cost,T1_double_well,pf_companion_ode,R004,appendix_path_space_control_cost__T1_double_well__pf_companion_ode__R004,kl_pf_vs_girsanov,0.01771758,nats,configs/experiments/appendix_path_space_control_cost/T1_double_well/pf_companion_ode.yaml
appendix_path_space_control_cost,T1_double_well,pf_companion_ode,R004,appendix_path_space_control_cost__T1_double_well__pf_companion_ode__R004,logq_var,0.11802500,log_density_variance,configs/experiments/appendix_path_space_control_cost/T1_double_well/pf_companion_ode.yaml
appendix_path_space_control_cost,T1_double_well,girsanov_smc,R004,appendix_path_space_control_cost__T1_double_well__girsanov_smc__R004,wall_clock_seconds,2839.738,seconds,configs/experiments/appendix_path_space_control_cost/T1_double_well/girsanov_smc.yaml
appendix_path_space_control_cost,T1_double_well,girsanov_smc,R004,appendix_path_space_control_cost__T1_double_well__girsanov_smc__R004,cpu_seconds,3097.757,seconds,configs/experiments/appendix_path_space_control_cost/T1_double_well/girsanov_smc.yaml
appendix_path_space_control_cost,T1_double_well,girsanov_smc,R004,appendix_path_space_control_cost__T1_double_well__girsanov_smc__R004,gpu_seconds,NA,seconds,configs/experiments/appendix_path_space_control_cost/T1_double_well/girsanov_smc.yaml
appendix_path_space_control_cost,T1_double_well,girsanov_smc,R004,appendix_path_space_control_cost__T1_double_well__girsanov_smc__R004,peak_memory_mib,10269.819,MiB,configs/experiments/appendix_path_space_control_cost/T1_double_well/girsanov_smc.yaml
appendix_path_space_control_cost,T1_double_well,girsanov_smc,R004,appendix_path_space_control_cost__T1_double_well__girsanov_smc__R004,sample_count,9963,count,configs/experiments/appendix_path_space_control_cost/T1_double_well/girsanov_smc.yaml
appendix_path_space_control_cost,T1_double_well,girsanov_smc,R004,appendix_path_space_control_cost__T1_double_well__girsanov_smc__R004,target_energy_calls,40737,count,configs/experiments/appendix_path_space_control_cost/T1_double_well/girsanov_smc.yaml
appendix_path_space_control_cost,T1_double_well,girsanov_smc,R004,appendix_path_space_control_cost__T1_double_well__girsanov_smc__R004,force_calls,20967,count,configs/experiments/appendix_path_space_control_cost/T1_double_well/girsanov_smc.yaml
appendix_path_space_control_cost,T1_double_well,girsanov_smc,R004,appendix_path_space_control_cost__T1_double_well__girsanov_smc__R004,network_forward_calls,NA,count,configs/experiments/appendix_path_space_control_cost/T1_double_well/girsanov_smc.yaml
appendix_path_space_control_cost,T1_double_well,girsanov_smc,R004,appendix_path_space_control_cost__T1_double_well__girsanov_smc__R004,ode_evals,NA,count,configs/experiments/appendix_path_space_control_cost/T1_double_well/girsanov_smc.yaml
appendix_path_space_control_cost,T1_double_well,girsanov_smc,R004,appendix_path_space_control_cost__T1_double_well__girsanov_smc__R004,hutchinson_M,NA,count,configs/experiments/appendix_path_space_control_cost/T1_double_well/girsanov_smc.yaml
appendix_path_space_control_cost,T1_double_well,girsanov_smc,R004,appendix_path_space_control_cost__T1_double_well__girsanov_smc__R004,smc_particles,2063,count,configs/experiments/appendix_path_space_control_cost/T1_double_well/girsanov_smc.yaml
appendix_path_space_control_cost,T1_double_well,girsanov_smc,R004,appendix_path_space_control_cost__T1_double_well__girsanov_smc__R004,smc_resampling_steps,38,count,configs/experiments/appendix_path_space_control_cost/T1_double_well/girsanov_smc.yaml
appendix_path_space_control_cost,T1_double_well,girsanov_smc,R004,appendix_path_space_control_cost__T1_double_well__girsanov_smc__R004,ESS_N,0.43474752,fraction,configs/experiments/appendix_path_space_control_cost/T1_double_well/girsanov_smc.yaml
appendix_path_space_control_cost,T1_double_well,girsanov_smc,R004,appendix_path_space_control_cost__T1_double_well__girsanov_smc__R004,Deltaf_error,0.01503765,kcal_per_mol,configs/experiments/appendix_path_space_control_cost/T1_double_well/girsanov_smc.yaml
appendix_path_space_control_cost,T1_double_well,girsanov_smc,R004,appendix_path_space_control_cost__T1_double_well__girsanov_smc__R004,kl_pf_vs_girsanov,0.01651464,nats,configs/experiments/appendix_path_space_control_cost/T1_double_well/girsanov_smc.yaml
appendix_path_space_control_cost,T1_double_well,girsanov_smc,R004,appendix_path_space_control_cost__T1_double_well__girsanov_smc__R004,logq_var,0.21289604,log_density_variance,configs/experiments/appendix_path_space_control_cost/T1_double_well/girsanov_smc.yaml
appendix_path_space_control_cost,T1_double_well,path_integral_control,R004,appendix_path_space_control_cost__T1_double_well__path_integral_control__R004,wall_clock_seconds,1311.613729,seconds,configs/experiments/appendix_path_space_control_cost/T1_double_well/path_integral_control.yaml
appendix_path_space_control_cost,T1_double_well,path_integral_control,R004,appendix_path_space_control_cost__T1_double_well__path_integral_control__R004,cpu_seconds,3595.805085,seconds,configs/experiments/appendix_path_space_control_cost/T1_double_well/path_integral_control.yaml
appendix_path_space_control_cost,T1_double_well,path_integral_control,R004,appendix_path_space_control_cost__T1_double_well__path_integral_control__R004,gpu_seconds,1001.648489,seconds,configs/experiments/appendix_path_space_control_cost/T1_double_well/path_integral_control.yaml
appendix_path_space_control_cost,T1_double_well,path_integral_control,R004,appendix_path_space_control_cost__T1_double_well__path_integral_control__R004,peak_memory_mib,2585,MiB,configs/experiments/appendix_path_space_control_cost/T1_double_well/path_integral_control.yaml
appendix_path_space_control_cost,T1_double_well,path_integral_control,R004,appendix_path_space_control_cost__T1_double_well__path_integral_control__R004,sample_count,20000,count,configs/experiments/appendix_path_space_control_cost/T1_double_well/path_integral_control.yaml
appendix_path_space_control_cost,T1_double_well,path_integral_control,R004,appendix_path_space_control_cost__T1_double_well__path_integral_control__R004,target_energy_calls,32712,count,configs/experiments/appendix_path_space_control_cost/T1_double_well/path_integral_control.yaml
appendix_path_space_control_cost,T1_double_well,path_integral_control,R004,appendix_path_space_control_cost__T1_double_well__path_integral_control__R004,force_calls,0,count,configs/experiments/appendix_path_space_control_cost/T1_double_well/path_integral_control.yaml
appendix_path_space_control_cost,T1_double_well,path_integral_control,R004,appendix_path_space_control_cost__T1_double_well__path_integral_control__R004,network_forward_calls,180981,count,configs/experiments/appendix_path_space_control_cost/T1_double_well/path_integral_control.yaml
appendix_path_space_control_cost,T1_double_well,path_integral_control,R004,appendix_path_space_control_cost__T1_double_well__path_integral_control__R004,ode_evals,115321,count,configs/experiments/appendix_path_space_control_cost/T1_double_well/path_integral_control.yaml
appendix_path_space_control_cost,T1_double_well,path_integral_control,R004,appendix_path_space_control_cost__T1_double_well__path_integral_control__R004,hutchinson_M,NA,count,configs/experiments/appendix_path_space_control_cost/T1_double_well/path_integral_control.yaml
appendix_path_space_control_cost,T1_double_well,path_integral_control,R004,appendix_path_space_control_cost__T1_double_well__path_integral_control__R004,smc_particles,2048,count,configs/experiments/appendix_path_space_control_cost/T1_double_well/path_integral_control.yaml
appendix_path_space_control_cost,T1_double_well,path_integral_control,R004,appendix_path_space_control_cost__T1_double_well__path_integral_control__R004,smc_resampling_steps,27,count,configs/experiments/appendix_path_space_control_cost/T1_double_well/path_integral_control.yaml
appendix_path_space_control_cost,T1_double_well,path_integral_control,R004,appendix_path_space_control_cost__T1_double_well__path_integral_control__R004,ESS_N,0.461327,dimensionless,configs/experiments/appendix_path_space_control_cost/T1_double_well/path_integral_control.yaml
appendix_path_space_control_cost,T1_double_well,path_integral_control,R004,appendix_path_space_control_cost__T1_double_well__path_integral_control__R004,Deltaf_error,0.037292,kcal_per_mol,configs/experiments/appendix_path_space_control_cost/T1_double_well/path_integral_control.yaml
appendix_path_space_control_cost,T1_double_well,path_integral_control,R004,appendix_path_space_control_cost__T1_double_well__path_integral_control__R004,kl_pf_vs_girsanov,0.010946,dimensionless,configs/experiments/appendix_path_space_control_cost/T1_double_well/path_integral_control.yaml
appendix_path_space_control_cost,T1_double_well,path_integral_control,R004,appendix_path_space_control_cost__T1_double_well__path_integral_control__R004,logq_var,0.159406,dimensionless,configs/experiments/appendix_path_space_control_cost/T1_double_well/path_integral_control.yaml
appendix_path_space_control_cost,T1_double_well,scld_smc,R004,appendix_path_space_control_cost__T1_double_well__scld_smc__R004,wall_clock_seconds,1713.791014,seconds,configs/experiments/appendix_path_space_control_cost/T1_double_well/scld_smc.yaml
appendix_path_space_control_cost,T1_double_well,scld_smc,R004,appendix_path_space_control_cost__T1_double_well__scld_smc__R004,cpu_seconds,5117.631006,seconds,configs/experiments/appendix_path_space_control_cost/T1_double_well/scld_smc.yaml
appendix_path_space_control_cost,T1_double_well,scld_smc,R004,appendix_path_space_control_cost__T1_double_well__scld_smc__R004,gpu_seconds,718.189645,seconds,configs/experiments/appendix_path_space_control_cost/T1_double_well/scld_smc.yaml
appendix_path_space_control_cost,T1_double_well,scld_smc,R004,appendix_path_space_control_cost__T1_double_well__scld_smc__R004,peak_memory_mib,3070,MiB,configs/experiments/appendix_path_space_control_cost/T1_double_well/scld_smc.yaml
appendix_path_space_control_cost,T1_double_well,scld_smc,R004,appendix_path_space_control_cost__T1_double_well__scld_smc__R004,sample_count,20000,count,configs/experiments/appendix_path_space_control_cost/T1_double_well/scld_smc.yaml
appendix_path_space_control_cost,T1_double_well,scld_smc,R004,appendix_path_space_control_cost__T1_double_well__scld_smc__R004,target_energy_calls,38575,count,configs/experiments/appendix_path_space_control_cost/T1_double_well/scld_smc.yaml
appendix_path_space_control_cost,T1_double_well,scld_smc,R004,appendix_path_space_control_cost__T1_double_well__scld_smc__R004,force_calls,0,count,configs/experiments/appendix_path_space_control_cost/T1_double_well/scld_smc.yaml
appendix_path_space_control_cost,T1_double_well,scld_smc,R004,appendix_path_space_control_cost__T1_double_well__scld_smc__R004,network_forward_calls,127089,count,configs/experiments/appendix_path_space_control_cost/T1_double_well/scld_smc.yaml
appendix_path_space_control_cost,T1_double_well,scld_smc,R004,appendix_path_space_control_cost__T1_double_well__scld_smc__R004,ode_evals,NA,count,configs/experiments/appendix_path_space_control_cost/T1_double_well/scld_smc.yaml
appendix_path_space_control_cost,T1_double_well,scld_smc,R004,appendix_path_space_control_cost__T1_double_well__scld_smc__R004,hutchinson_M,NA,count,configs/experiments/appendix_path_space_control_cost/T1_double_well/scld_smc.yaml
appendix_path_space_control_cost,T1_double_well,scld_smc,R004,appendix_path_space_control_cost__T1_double_well__scld_smc__R004,smc_particles,4096,count,configs/experiments/appendix_path_space_control_cost/T1_double_well/scld_smc.yaml
appendix_path_space_control_cost,T1_double_well,scld_smc,R004,appendix_path_space_control_cost__T1_double_well__scld_smc__R004,smc_resampling_steps,32,count,configs/experiments/appendix_path_space_control_cost/T1_double_well/scld_smc.yaml
appendix_path_space_control_cost,T1_double_well,scld_smc,R004,appendix_path_space_control_cost__T1_double_well__scld_smc__R004,ESS_N,0.42352,dimensionless,configs/experiments/appendix_path_space_control_cost/T1_double_well/scld_smc.yaml
appendix_path_space_control_cost,T1_double_well,scld_smc,R004,appendix_path_space_control_cost__T1_double_well__scld_smc__R004,Deltaf_error,0.039959,kcal_per_mol,configs/experiments/appendix_path_space_control_cost/T1_double_well/scld_smc.yaml
appendix_path_space_control_cost,T1_double_well,scld_smc,R004,appendix_path_space_control_cost__T1_double_well__scld_smc__R004,kl_pf_vs_girsanov,0.017364,dimensionless,configs/experiments/appendix_path_space_control_cost/T1_double_well/scld_smc.yaml
appendix_path_space_control_cost,T1_double_well,scld_smc,R004,appendix_path_space_control_cost__T1_double_well__scld_smc__R004,logq_var,0.109354,dimensionless,configs/experiments/appendix_path_space_control_cost/T1_double_well/scld_smc.yaml
appendix_path_space_control_cost,T1_double_well,pf_companion_ode,R005,appendix_path_space_control_cost__T1_double_well__pf_companion_ode__R005,wall_clock_seconds,782.2056,seconds,configs/experiments/appendix_path_space_control_cost/T1_double_well/pf_companion_ode.yaml
appendix_path_space_control_cost,T1_double_well,pf_companion_ode,R005,appendix_path_space_control_cost__T1_double_well__pf_companion_ode__R005,cpu_seconds,265.9278,seconds,configs/experiments/appendix_path_space_control_cost/T1_double_well/pf_companion_ode.yaml
appendix_path_space_control_cost,T1_double_well,pf_companion_ode,R005,appendix_path_space_control_cost__T1_double_well__pf_companion_ode__R005,gpu_seconds,655.3943,seconds,configs/experiments/appendix_path_space_control_cost/T1_double_well/pf_companion_ode.yaml
appendix_path_space_control_cost,T1_double_well,pf_companion_ode,R005,appendix_path_space_control_cost__T1_double_well__pf_companion_ode__R005,peak_memory_mib,6651.556,MiB,configs/experiments/appendix_path_space_control_cost/T1_double_well/pf_companion_ode.yaml
appendix_path_space_control_cost,T1_double_well,pf_companion_ode,R005,appendix_path_space_control_cost__T1_double_well__pf_companion_ode__R005,sample_count,10071,count,configs/experiments/appendix_path_space_control_cost/T1_double_well/pf_companion_ode.yaml
appendix_path_space_control_cost,T1_double_well,pf_companion_ode,R005,appendix_path_space_control_cost__T1_double_well__pf_companion_ode__R005,target_energy_calls,10975,count,configs/experiments/appendix_path_space_control_cost/T1_double_well/pf_companion_ode.yaml
appendix_path_space_control_cost,T1_double_well,pf_companion_ode,R005,appendix_path_space_control_cost__T1_double_well__pf_companion_ode__R005,force_calls,11339,count,configs/experiments/appendix_path_space_control_cost/T1_double_well/pf_companion_ode.yaml
appendix_path_space_control_cost,T1_double_well,pf_companion_ode,R005,appendix_path_space_control_cost__T1_double_well__pf_companion_ode__R005,network_forward_calls,920620,count,configs/experiments/appendix_path_space_control_cost/T1_double_well/pf_companion_ode.yaml
appendix_path_space_control_cost,T1_double_well,pf_companion_ode,R005,appendix_path_space_control_cost__T1_double_well__pf_companion_ode__R005,ode_evals,98394,count,configs/experiments/appendix_path_space_control_cost/T1_double_well/pf_companion_ode.yaml
appendix_path_space_control_cost,T1_double_well,pf_companion_ode,R005,appendix_path_space_control_cost__T1_double_well__pf_companion_ode__R005,hutchinson_M,8,count,configs/experiments/appendix_path_space_control_cost/T1_double_well/pf_companion_ode.yaml
appendix_path_space_control_cost,T1_double_well,pf_companion_ode,R005,appendix_path_space_control_cost__T1_double_well__pf_companion_ode__R005,smc_particles,NA,count,configs/experiments/appendix_path_space_control_cost/T1_double_well/pf_companion_ode.yaml
appendix_path_space_control_cost,T1_double_well,pf_companion_ode,R005,appendix_path_space_control_cost__T1_double_well__pf_companion_ode__R005,smc_resampling_steps,NA,count,configs/experiments/appendix_path_space_control_cost/T1_double_well/pf_companion_ode.yaml
appendix_path_space_control_cost,T1_double_well,pf_companion_ode,R005,appendix_path_space_control_cost__T1_double_well__pf_companion_ode__R005,ESS_N,0.48800208,fraction,configs/experiments/appendix_path_space_control_cost/T1_double_well/pf_companion_ode.yaml
appendix_path_space_control_cost,T1_double_well,pf_companion_ode,R005,appendix_path_space_control_cost__T1_double_well__pf_companion_ode__R005,Deltaf_error,0.01355791,kcal_per_mol,configs/experiments/appendix_path_space_control_cost/T1_double_well/pf_companion_ode.yaml
appendix_path_space_control_cost,T1_double_well,pf_companion_ode,R005,appendix_path_space_control_cost__T1_double_well__pf_companion_ode__R005,kl_pf_vs_girsanov,0.01224486,nats,configs/experiments/appendix_path_space_control_cost/T1_double_well/pf_companion_ode.yaml
appendix_path_space_control_cost,T1_double_well,pf_companion_ode,R005,appendix_path_space_control_cost__T1_double_well__pf_companion_ode__R005,logq_var,0.12029653,log_density_variance,configs/experiments/appendix_path_space_control_cost/T1_double_well/pf_companion_ode.yaml
appendix_path_space_control_cost,T1_double_well,girsanov_smc,R005,appendix_path_space_control_cost__T1_double_well__girsanov_smc__R005,wall_clock_seconds,3309.395,seconds,configs/experiments/appendix_path_space_control_cost/T1_double_well/girsanov_smc.yaml
appendix_path_space_control_cost,T1_double_well,girsanov_smc,R005,appendix_path_space_control_cost__T1_double_well__girsanov_smc__R005,cpu_seconds,3174.187,seconds,configs/experiments/appendix_path_space_control_cost/T1_double_well/girsanov_smc.yaml
appendix_path_space_control_cost,T1_double_well,girsanov_smc,R005,appendix_path_space_control_cost__T1_double_well__girsanov_smc__R005,gpu_seconds,NA,seconds,configs/experiments/appendix_path_space_control_cost/T1_double_well/girsanov_smc.yaml
appendix_path_space_control_cost,T1_double_well,girsanov_smc,R005,appendix_path_space_control_cost__T1_double_well__girsanov_smc__R005,peak_memory_mib,10446.767,MiB,configs/experiments/appendix_path_space_control_cost/T1_double_well/girsanov_smc.yaml
appendix_path_space_control_cost,T1_double_well,girsanov_smc,R005,appendix_path_space_control_cost__T1_double_well__girsanov_smc__R005,sample_count,10070,count,configs/experiments/appendix_path_space_control_cost/T1_double_well/girsanov_smc.yaml
appendix_path_space_control_cost,T1_double_well,girsanov_smc,R005,appendix_path_space_control_cost__T1_double_well__girsanov_smc__R005,target_energy_calls,41813,count,configs/experiments/appendix_path_space_control_cost/T1_double_well/girsanov_smc.yaml
appendix_path_space_control_cost,T1_double_well,girsanov_smc,R005,appendix_path_space_control_cost__T1_double_well__girsanov_smc__R005,force_calls,20776,count,configs/experiments/appendix_path_space_control_cost/T1_double_well/girsanov_smc.yaml
appendix_path_space_control_cost,T1_double_well,girsanov_smc,R005,appendix_path_space_control_cost__T1_double_well__girsanov_smc__R005,network_forward_calls,NA,count,configs/experiments/appendix_path_space_control_cost/T1_double_well/girsanov_smc.yaml
appendix_path_space_control_cost,T1_double_well,girsanov_smc,R005,appendix_path_space_control_cost__T1_double_well__girsanov_smc__R005,ode_evals,NA,count,configs/experiments/appendix_path_space_control_cost/T1_double_well/girsanov_smc.yaml
appendix_path_space_control_cost,T1_double_well,girsanov_smc,R005,appendix_path_space_control_cost__T1_double_well__girsanov_smc__R005,hutchinson_M,NA,count,configs/experiments/appendix_path_space_control_cost/T1_double_well/girsanov_smc.yaml
appendix_path_space_control_cost,T1_double_well,girsanov_smc,R005,appendix_path_space_control_cost__T1_double_well__girsanov_smc__R005,smc_particles,2017,count,configs/experiments/appendix_path_space_control_cost/T1_double_well/girsanov_smc.yaml
appendix_path_space_control_cost,T1_double_well,girsanov_smc,R005,appendix_path_space_control_cost__T1_double_well__girsanov_smc__R005,smc_resampling_steps,39,count,configs/experiments/appendix_path_space_control_cost/T1_double_well/girsanov_smc.yaml
appendix_path_space_control_cost,T1_double_well,girsanov_smc,R005,appendix_path_space_control_cost__T1_double_well__girsanov_smc__R005,ESS_N,0.48557707,fraction,configs/experiments/appendix_path_space_control_cost/T1_double_well/girsanov_smc.yaml
appendix_path_space_control_cost,T1_double_well,girsanov_smc,R005,appendix_path_space_control_cost__T1_double_well__girsanov_smc__R005,Deltaf_error,0.02402206,kcal_per_mol,configs/experiments/appendix_path_space_control_cost/T1_double_well/girsanov_smc.yaml
appendix_path_space_control_cost,T1_double_well,girsanov_smc,R005,appendix_path_space_control_cost__T1_double_well__girsanov_smc__R005,kl_pf_vs_girsanov,0.01667793,nats,configs/experiments/appendix_path_space_control_cost/T1_double_well/girsanov_smc.yaml
appendix_path_space_control_cost,T1_double_well,girsanov_smc,R005,appendix_path_space_control_cost__T1_double_well__girsanov_smc__R005,logq_var,0.13212196,log_density_variance,configs/experiments/appendix_path_space_control_cost/T1_double_well/girsanov_smc.yaml
appendix_path_space_control_cost,T1_double_well,path_integral_control,R005,appendix_path_space_control_cost__T1_double_well__path_integral_control__R005,wall_clock_seconds,1444.288843,seconds,configs/experiments/appendix_path_space_control_cost/T1_double_well/path_integral_control.yaml
appendix_path_space_control_cost,T1_double_well,path_integral_control,R005,appendix_path_space_control_cost__T1_double_well__path_integral_control__R005,cpu_seconds,3487.011957,seconds,configs/experiments/appendix_path_space_control_cost/T1_double_well/path_integral_control.yaml
appendix_path_space_control_cost,T1_double_well,path_integral_control,R005,appendix_path_space_control_cost__T1_double_well__path_integral_control__R005,gpu_seconds,919.219803,seconds,configs/experiments/appendix_path_space_control_cost/T1_double_well/path_integral_control.yaml
appendix_path_space_control_cost,T1_double_well,path_integral_control,R005,appendix_path_space_control_cost__T1_double_well__path_integral_control__R005,peak_memory_mib,2633,MiB,configs/experiments/appendix_path_space_control_cost/T1_double_well/path_integral_control.yaml
appendix_path_space_control_cost,T1_double_well,path_integral_control,R005,appendix_path_space_control_cost__T1_double_well__path_integral_control__R005,sample_count,20000,count,configs/experiments/appendix_path_space_control_cost/T1_double_well/path_integral_control.yaml
appendix_path_space_control_cost,T1_double_well,path_integral_control,R005,appendix_path_space_control_cost__T1_double_well__path_integral_control__R005,target_energy_calls,33498,count,configs/experiments/appendix_path_space_control_cost/T1_double_well/path_integral_control.yaml
appendix_path_space_control_cost,T1_double_well,path_integral_control,R005,appendix_path_space_control_cost__T1_double_well__path_integral_control__R005,force_calls,0,count,configs/experiments/appendix_path_space_control_cost/T1_double_well/path_integral_control.yaml
appendix_path_space_control_cost,T1_double_well,path_integral_control,R005,appendix_path_space_control_cost__T1_double_well__path_integral_control__R005,network_forward_calls,175825,count,configs/experiments/appendix_path_space_control_cost/T1_double_well/path_integral_control.yaml
appendix_path_space_control_cost,T1_double_well,path_integral_control,R005,appendix_path_space_control_cost__T1_double_well__path_integral_control__R005,ode_evals,123556,count,configs/experiments/appendix_path_space_control_cost/T1_double_well/path_integral_control.yaml
appendix_path_space_control_cost,T1_double_well,path_integral_control,R005,appendix_path_space_control_cost__T1_double_well__path_integral_control__R005,hutchinson_M,NA,count,configs/experiments/appendix_path_space_control_cost/T1_double_well/path_integral_control.yaml
appendix_path_space_control_cost,T1_double_well,path_integral_control,R005,appendix_path_space_control_cost__T1_double_well__path_integral_control__R005,smc_particles,2048,count,configs/experiments/appendix_path_space_control_cost/T1_double_well/path_integral_control.yaml
appendix_path_space_control_cost,T1_double_well,path_integral_control,R005,appendix_path_space_control_cost__T1_double_well__path_integral_control__R005,smc_resampling_steps,24,count,configs/experiments/appendix_path_space_control_cost/T1_double_well/path_integral_control.yaml
appendix_path_space_control_cost,T1_double_well,path_integral_control,R005,appendix_path_space_control_cost__T1_double_well__path_integral_control__R005,ESS_N,0.449634,dimensionless,configs/experiments/appendix_path_space_control_cost/T1_double_well/path_integral_control.yaml
appendix_path_space_control_cost,T1_double_well,path_integral_control,R005,appendix_path_space_control_cost__T1_double_well__path_integral_control__R005,Deltaf_error,0.036579,kcal_per_mol,configs/experiments/appendix_path_space_control_cost/T1_double_well/path_integral_control.yaml
appendix_path_space_control_cost,T1_double_well,path_integral_control,R005,appendix_path_space_control_cost__T1_double_well__path_integral_control__R005,kl_pf_vs_girsanov,0.019001,dimensionless,configs/experiments/appendix_path_space_control_cost/T1_double_well/path_integral_control.yaml
appendix_path_space_control_cost,T1_double_well,path_integral_control,R005,appendix_path_space_control_cost__T1_double_well__path_integral_control__R005,logq_var,0.122534,dimensionless,configs/experiments/appendix_path_space_control_cost/T1_double_well/path_integral_control.yaml
appendix_path_space_control_cost,T1_double_well,scld_smc,R005,appendix_path_space_control_cost__T1_double_well__scld_smc__R005,wall_clock_seconds,1640.183341,seconds,configs/experiments/appendix_path_space_control_cost/T1_double_well/scld_smc.yaml
appendix_path_space_control_cost,T1_double_well,scld_smc,R005,appendix_path_space_control_cost__T1_double_well__scld_smc__R005,cpu_seconds,5055.278668,seconds,configs/experiments/appendix_path_space_control_cost/T1_double_well/scld_smc.yaml
appendix_path_space_control_cost,T1_double_well,scld_smc,R005,appendix_path_space_control_cost__T1_double_well__scld_smc__R005,gpu_seconds,755.734567,seconds,configs/experiments/appendix_path_space_control_cost/T1_double_well/scld_smc.yaml
appendix_path_space_control_cost,T1_double_well,scld_smc,R005,appendix_path_space_control_cost__T1_double_well__scld_smc__R005,peak_memory_mib,3107,MiB,configs/experiments/appendix_path_space_control_cost/T1_double_well/scld_smc.yaml
appendix_path_space_control_cost,T1_double_well,scld_smc,R005,appendix_path_space_control_cost__T1_double_well__scld_smc__R005,sample_count,20000,count,configs/experiments/appendix_path_space_control_cost/T1_double_well/scld_smc.yaml
appendix_path_space_control_cost,T1_double_well,scld_smc,R005,appendix_path_space_control_cost__T1_double_well__scld_smc__R005,target_energy_calls,36316,count,configs/experiments/appendix_path_space_control_cost/T1_double_well/scld_smc.yaml
appendix_path_space_control_cost,T1_double_well,scld_smc,R005,appendix_path_space_control_cost__T1_double_well__scld_smc__R005,force_calls,0,count,configs/experiments/appendix_path_space_control_cost/T1_double_well/scld_smc.yaml
appendix_path_space_control_cost,T1_double_well,scld_smc,R005,appendix_path_space_control_cost__T1_double_well__scld_smc__R005,network_forward_calls,126212,count,configs/experiments/appendix_path_space_control_cost/T1_double_well/scld_smc.yaml
appendix_path_space_control_cost,T1_double_well,scld_smc,R005,appendix_path_space_control_cost__T1_double_well__scld_smc__R005,ode_evals,NA,count,configs/experiments/appendix_path_space_control_cost/T1_double_well/scld_smc.yaml
appendix_path_space_control_cost,T1_double_well,scld_smc,R005,appendix_path_space_control_cost__T1_double_well__scld_smc__R005,hutchinson_M,NA,count,configs/experiments/appendix_path_space_control_cost/T1_double_well/scld_smc.yaml
appendix_path_space_control_cost,T1_double_well,scld_smc,R005,appendix_path_space_control_cost__T1_double_well__scld_smc__R005,smc_particles,4096,count,configs/experiments/appendix_path_space_control_cost/T1_double_well/scld_smc.yaml
appendix_path_space_control_cost,T1_double_well,scld_smc,R005,appendix_path_space_control_cost__T1_double_well__scld_smc__R005,smc_resampling_steps,28,count,configs/experiments/appendix_path_space_control_cost/T1_double_well/scld_smc.yaml
appendix_path_space_control_cost,T1_double_well,scld_smc,R005,appendix_path_space_control_cost__T1_double_well__scld_smc__R005,ESS_N,0.453528,dimensionless,configs/experiments/appendix_path_space_control_cost/T1_double_well/scld_smc.yaml
appendix_path_space_control_cost,T1_double_well,scld_smc,R005,appendix_path_space_control_cost__T1_double_well__scld_smc__R005,Deltaf_error,0.046721,kcal_per_mol,configs/experiments/appendix_path_space_control_cost/T1_double_well/scld_smc.yaml
appendix_path_space_control_cost,T1_double_well,scld_smc,R005,appendix_path_space_control_cost__T1_double_well__scld_smc__R005,kl_pf_vs_girsanov,0.027258,dimensionless,configs/experiments/appendix_path_space_control_cost/T1_double_well/scld_smc.yaml
appendix_path_space_control_cost,T1_double_well,scld_smc,R005,appendix_path_space_control_cost__T1_double_well__scld_smc__R005,logq_var,0.193009,dimensionless,configs/experiments/appendix_path_space_control_cost/T1_double_well/scld_smc.yaml
