tier,task,variant,seed,run_id,metric,value,unit,config,checkpoint_id,sigma_value,hutchinson_M,same_chi2_decile_id,is_chi2_opt,is_utility_opt,metric_scope
pf_companion_diagnostic,T1_double_well,girsanov_smc,R001,pf_companion_diagnostic__T1_double_well__girsanov_smc__R001,Deltaf_error,0,reduced_free_energy,configs/experiments/pf_companion_diagnostic/T1_double_well/girsanov_smc.yaml,,,NA,,,,pf_companion_ode_validation_reference
pf_companion_diagnostic,T1_double_well,girsanov_smc,R001,pf_companion_diagnostic__T1_double_well__girsanov_smc__R001,ESS_error,0,fraction,configs/experiments/pf_companion_diagnostic/T1_double_well/girsanov_smc.yaml,,,NA,,,,pf_companion_ode_validation_reference
pf_companion_diagnostic,T1_double_well,girsanov_smc,R001,pf_companion_diagnostic__T1_double_well__girsanov_smc__R001,hutchinson_M,0,not_applicable,configs/experiments/pf_companion_diagnostic/T1_double_well/girsanov_smc.yaml,,,NA,,,,pf_companion_ode_validation_reference
pf_companion_diagnostic,T1_double_well,girsanov_smc,R001,pf_companion_diagnostic__T1_double_well__girsanov_smc__R001,kl_pf_vs_girsanov,0,dimensionless,configs/experiments/pf_companion_diagnostic/T1_double_well/girsanov_smc.yaml,,,NA,,,,pf_companion_ode_validation_reference
pf_companion_diagnostic,T1_double_well,girsanov_smc,R001,pf_companion_diagnostic__T1_double_well__girsanov_smc__R001,logq_var,0.044352691,log_density_variance,configs/experiments/pf_companion_diagnostic/T1_double_well/girsanov_smc.yaml,,,NA,,,,pf_companion_ode_validation_reference
pf_companion_diagnostic,T1_double_well,girsanov_smc,R001,pf_companion_diagnostic__T1_double_well__girsanov_smc__R001,logq_var_std,0.015650617,log_density_std,configs/experiments/pf_companion_diagnostic/T1_double_well/girsanov_smc.yaml,,,NA,,,,pf_companion_ode_validation_reference
pf_companion_diagnostic,T1_double_well,girsanov_smc,R001,pf_companion_diagnostic__T1_double_well__girsanov_smc__R001,nll_error,0,nats,configs/experiments/pf_companion_diagnostic/T1_double_well/girsanov_smc.yaml,,,NA,,,,pf_companion_ode_validation_reference
pf_companion_diagnostic,T1_double_well,girsanov_smc,R002,pf_companion_diagnostic__T1_double_well__girsanov_smc__R002,Deltaf_error,0,reduced_free_energy,configs/experiments/pf_companion_diagnostic/T1_double_well/girsanov_smc.yaml,,,NA,,,,pf_companion_ode_validation_reference
pf_companion_diagnostic,T1_double_well,girsanov_smc,R002,pf_companion_diagnostic__T1_double_well__girsanov_smc__R002,ESS_error,0,fraction,configs/experiments/pf_companion_diagnostic/T1_double_well/girsanov_smc.yaml,,,NA,,,,pf_companion_ode_validation_reference
pf_companion_diagnostic,T1_double_well,girsanov_smc,R002,pf_companion_diagnostic__T1_double_well__girsanov_smc__R002,hutchinson_M,0,not_applicable,configs/experiments/pf_companion_diagnostic/T1_double_well/girsanov_smc.yaml,,,NA,,,,pf_companion_ode_validation_reference
pf_companion_diagnostic,T1_double_well,girsanov_smc,R002,pf_companion_diagnostic__T1_double_well__girsanov_smc__R002,kl_pf_vs_girsanov,0,dimensionless,configs/experiments/pf_companion_diagnostic/T1_double_well/girsanov_smc.yaml,,,NA,,,,pf_companion_ode_validation_reference
pf_companion_diagnostic,T1_double_well,girsanov_smc,R002,pf_companion_diagnostic__T1_double_well__girsanov_smc__R002,logq_var,0.036337388,log_density_variance,configs/experiments/pf_companion_diagnostic/T1_double_well/girsanov_smc.yaml,,,NA,,,,pf_companion_ode_validation_reference
pf_companion_diagnostic,T1_double_well,girsanov_smc,R002,pf_companion_diagnostic__T1_double_well__girsanov_smc__R002,logq_var_std,0.015371063,log_density_std,configs/experiments/pf_companion_diagnostic/T1_double_well/girsanov_smc.yaml,,,NA,,,,pf_companion_ode_validation_reference
pf_companion_diagnostic,T1_double_well,girsanov_smc,R002,pf_companion_diagnostic__T1_double_well__girsanov_smc__R002,nll_error,0,nats,configs/experiments/pf_companion_diagnostic/T1_double_well/girsanov_smc.yaml,,,NA,,,,pf_companion_ode_validation_reference
pf_companion_diagnostic,T1_double_well,girsanov_smc,R003,pf_companion_diagnostic__T1_double_well__girsanov_smc__R003,Deltaf_error,0,reduced_free_energy,configs/experiments/pf_companion_diagnostic/T1_double_well/girsanov_smc.yaml,,,NA,,,,pf_companion_ode_validation_reference
pf_companion_diagnostic,T1_double_well,girsanov_smc,R003,pf_companion_diagnostic__T1_double_well__girsanov_smc__R003,ESS_error,0,fraction,configs/experiments/pf_companion_diagnostic/T1_double_well/girsanov_smc.yaml,,,NA,,,,pf_companion_ode_validation_reference
pf_companion_diagnostic,T1_double_well,girsanov_smc,R003,pf_companion_diagnostic__T1_double_well__girsanov_smc__R003,hutchinson_M,0,not_applicable,configs/experiments/pf_companion_diagnostic/T1_double_well/girsanov_smc.yaml,,,NA,,,,pf_companion_ode_validation_reference
pf_companion_diagnostic,T1_double_well,girsanov_smc,R003,pf_companion_diagnostic__T1_double_well__girsanov_smc__R003,kl_pf_vs_girsanov,0,dimensionless,configs/experiments/pf_companion_diagnostic/T1_double_well/girsanov_smc.yaml,,,NA,,,,pf_companion_ode_validation_reference
pf_companion_diagnostic,T1_double_well,girsanov_smc,R003,pf_companion_diagnostic__T1_double_well__girsanov_smc__R003,logq_var,0.048600799,log_density_variance,configs/experiments/pf_companion_diagnostic/T1_double_well/girsanov_smc.yaml,,,NA,,,,pf_companion_ode_validation_reference
pf_companion_diagnostic,T1_double_well,girsanov_smc,R003,pf_companion_diagnostic__T1_double_well__girsanov_smc__R003,logq_var_std,0.020490942,log_density_std,configs/experiments/pf_companion_diagnostic/T1_double_well/girsanov_smc.yaml,,,NA,,,,pf_companion_ode_validation_reference
pf_companion_diagnostic,T1_double_well,girsanov_smc,R003,pf_companion_diagnostic__T1_double_well__girsanov_smc__R003,nll_error,0,nats,configs/experiments/pf_companion_diagnostic/T1_double_well/girsanov_smc.yaml,,,NA,,,,pf_companion_ode_validation_reference
pf_companion_diagnostic,T1_double_well,girsanov_smc,R004,pf_companion_diagnostic__T1_double_well__girsanov_smc__R004,Deltaf_error,0,reduced_free_energy,configs/experiments/pf_companion_diagnostic/T1_double_well/girsanov_smc.yaml,,,NA,,,,pf_companion_ode_validation_reference
pf_companion_diagnostic,T1_double_well,girsanov_smc,R004,pf_companion_diagnostic__T1_double_well__girsanov_smc__R004,ESS_error,0,fraction,configs/experiments/pf_companion_diagnostic/T1_double_well/girsanov_smc.yaml,,,NA,,,,pf_companion_ode_validation_reference
pf_companion_diagnostic,T1_double_well,girsanov_smc,R004,pf_companion_diagnostic__T1_double_well__girsanov_smc__R004,hutchinson_M,0,not_applicable,configs/experiments/pf_companion_diagnostic/T1_double_well/girsanov_smc.yaml,,,NA,,,,pf_companion_ode_validation_reference
pf_companion_diagnostic,T1_double_well,girsanov_smc,R004,pf_companion_diagnostic__T1_double_well__girsanov_smc__R004,kl_pf_vs_girsanov,0,dimensionless,configs/experiments/pf_companion_diagnostic/T1_double_well/girsanov_smc.yaml,,,NA,,,,pf_companion_ode_validation_reference
pf_companion_diagnostic,T1_double_well,girsanov_smc,R004,pf_companion_diagnostic__T1_double_well__girsanov_smc__R004,logq_var,0.04121712,log_density_variance,configs/experiments/pf_companion_diagnostic/T1_double_well/girsanov_smc.yaml,,,NA,,,,pf_companion_ode_validation_reference
pf_companion_diagnostic,T1_double_well,girsanov_smc,R004,pf_companion_diagnostic__T1_double_well__girsanov_smc__R004,logq_var_std,0.017888015,log_density_std,configs/experiments/pf_companion_diagnostic/T1_double_well/girsanov_smc.yaml,,,NA,,,,pf_companion_ode_validation_reference
pf_companion_diagnostic,T1_double_well,girsanov_smc,R004,pf_companion_diagnostic__T1_double_well__girsanov_smc__R004,nll_error,0,nats,configs/experiments/pf_companion_diagnostic/T1_double_well/girsanov_smc.yaml,,,NA,,,,pf_companion_ode_validation_reference
pf_companion_diagnostic,T1_double_well,girsanov_smc,R005,pf_companion_diagnostic__T1_double_well__girsanov_smc__R005,Deltaf_error,0,reduced_free_energy,configs/experiments/pf_companion_diagnostic/T1_double_well/girsanov_smc.yaml,,,NA,,,,pf_companion_ode_validation_reference
pf_companion_diagnostic,T1_double_well,girsanov_smc,R005,pf_companion_diagnostic__T1_double_well__girsanov_smc__R005,ESS_error,0,fraction,configs/experiments/pf_companion_diagnostic/T1_double_well/girsanov_smc.yaml,,,NA,,,,pf_companion_ode_validation_reference
pf_companion_diagnostic,T1_double_well,girsanov_smc,R005,pf_companion_diagnostic__T1_double_well__girsanov_smc__R005,hutchinson_M,0,not_applicable,configs/experiments/pf_companion_diagnostic/T1_double_well/girsanov_smc.yaml,,,NA,,,,pf_companion_ode_validation_reference
pf_companion_diagnostic,T1_double_well,girsanov_smc,R005,pf_companion_diagnostic__T1_double_well__girsanov_smc__R005,kl_pf_vs_girsanov,0,dimensionless,configs/experiments/pf_companion_diagnostic/T1_double_well/girsanov_smc.yaml,,,NA,,,,pf_companion_ode_validation_reference
pf_companion_diagnostic,T1_double_well,girsanov_smc,R005,pf_companion_diagnostic__T1_double_well__girsanov_smc__R005,logq_var,0.050448635,log_density_variance,configs/experiments/pf_companion_diagnostic/T1_double_well/girsanov_smc.yaml,,,NA,,,,pf_companion_ode_validation_reference
pf_companion_diagnostic,T1_double_well,girsanov_smc,R005,pf_companion_diagnostic__T1_double_well__girsanov_smc__R005,logq_var_std,0.019705049,log_density_std,configs/experiments/pf_companion_diagnostic/T1_double_well/girsanov_smc.yaml,,,NA,,,,pf_companion_ode_validation_reference
pf_companion_diagnostic,T1_double_well,girsanov_smc,R005,pf_companion_diagnostic__T1_double_well__girsanov_smc__R005,nll_error,0,nats,configs/experiments/pf_companion_diagnostic/T1_double_well/girsanov_smc.yaml,,,NA,,,,pf_companion_ode_validation_reference
pf_companion_diagnostic,T1_double_well,pnedb,R001,pf_companion_diagnostic__T1_double_well__pnedb__R001,Deltaf_error,0.06324595,reduced_free_energy,configs/experiments/pf_companion_diagnostic/T1_double_well/pnedb.yaml,,,1,,,,pf_companion_ode_validation
pf_companion_diagnostic,T1_double_well,pnedb,R001,pf_companion_diagnostic__T1_double_well__pnedb__R001,Deltaf_error,0.018228299,reduced_free_energy,configs/experiments/pf_companion_diagnostic/T1_double_well/pnedb.yaml,,,16,,,,pf_companion_ode_validation
pf_companion_diagnostic,T1_double_well,pnedb,R001,pf_companion_diagnostic__T1_double_well__pnedb__R001,Deltaf_error,0.039666656,reduced_free_energy,configs/experiments/pf_companion_diagnostic/T1_double_well/pnedb.yaml,,,2,,,,pf_companion_ode_validation
pf_companion_diagnostic,T1_double_well,pnedb,R001,pf_companion_diagnostic__T1_double_well__pnedb__R001,Deltaf_error,0.031334586,reduced_free_energy,configs/experiments/pf_companion_diagnostic/T1_double_well/pnedb.yaml,,,4,,,,pf_companion_ode_validation
pf_companion_diagnostic,T1_double_well,pnedb,R001,pf_companion_diagnostic__T1_double_well__pnedb__R001,Deltaf_error,0.020842211,reduced_free_energy,configs/experiments/pf_companion_diagnostic/T1_double_well/pnedb.yaml,,,8,,,,pf_companion_ode_validation
pf_companion_diagnostic,T1_double_well,pnedb,R001,pf_companion_diagnostic__T1_double_well__pnedb__R001,ESS_error,0.096171146,fraction,configs/experiments/pf_companion_diagnostic/T1_double_well/pnedb.yaml,,,1,,,,pf_companion_ode_validation
pf_companion_diagnostic,T1_double_well,pnedb,R001,pf_companion_diagnostic__T1_double_well__pnedb__R001,ESS_error,0.028853302,fraction,configs/experiments/pf_companion_diagnostic/T1_double_well/pnedb.yaml,,,16,,,,pf_companion_ode_validation
pf_companion_diagnostic,T1_double_well,pnedb,R001,pf_companion_diagnostic__T1_double_well__pnedb__R001,ESS_error,0.072052502,fraction,configs/experiments/pf_companion_diagnostic/T1_double_well/pnedb.yaml,,,2,,,,pf_companion_ode_validation
pf_companion_diagnostic,T1_double_well,pnedb,R001,pf_companion_diagnostic__T1_double_well__pnedb__R001,ESS_error,0.052482693,fraction,configs/experiments/pf_companion_diagnostic/T1_double_well/pnedb.yaml,,,4,,,,pf_companion_ode_validation
pf_companion_diagnostic,T1_double_well,pnedb,R001,pf_companion_diagnostic__T1_double_well__pnedb__R001,ESS_error,0.034059739,fraction,configs/experiments/pf_companion_diagnostic/T1_double_well/pnedb.yaml,,,8,,,,pf_companion_ode_validation
pf_companion_diagnostic,T1_double_well,pnedb,R001,pf_companion_diagnostic__T1_double_well__pnedb__R001,hutchinson_M,1,count,configs/experiments/pf_companion_diagnostic/T1_double_well/pnedb.yaml,,,1,,,,pf_companion_ode_validation
pf_companion_diagnostic,T1_double_well,pnedb,R001,pf_companion_diagnostic__T1_double_well__pnedb__R001,hutchinson_M,16,count,configs/experiments/pf_companion_diagnostic/T1_double_well/pnedb.yaml,,,16,,,,pf_companion_ode_validation
pf_companion_diagnostic,T1_double_well,pnedb,R001,pf_companion_diagnostic__T1_double_well__pnedb__R001,hutchinson_M,2,count,configs/experiments/pf_companion_diagnostic/T1_double_well/pnedb.yaml,,,2,,,,pf_companion_ode_validation
pf_companion_diagnostic,T1_double_well,pnedb,R001,pf_companion_diagnostic__T1_double_well__pnedb__R001,hutchinson_M,4,count,configs/experiments/pf_companion_diagnostic/T1_double_well/pnedb.yaml,,,4,,,,pf_companion_ode_validation
pf_companion_diagnostic,T1_double_well,pnedb,R001,pf_companion_diagnostic__T1_double_well__pnedb__R001,hutchinson_M,8,count,configs/experiments/pf_companion_diagnostic/T1_double_well/pnedb.yaml,,,8,,,,pf_companion_ode_validation
pf_companion_diagnostic,T1_double_well,pnedb,R001,pf_companion_diagnostic__T1_double_well__pnedb__R001,kl_pf_vs_girsanov,0.055887209,dimensionless,configs/experiments/pf_companion_diagnostic/T1_double_well/pnedb.yaml,,,1,,,,pf_companion_ode_validation
pf_companion_diagnostic,T1_double_well,pnedb,R001,pf_companion_diagnostic__T1_double_well__pnedb__R001,kl_pf_vs_girsanov,0.010902906,dimensionless,configs/experiments/pf_companion_diagnostic/T1_double_well/pnedb.yaml,,,16,,,,pf_companion_ode_validation
pf_companion_diagnostic,T1_double_well,pnedb,R001,pf_companion_diagnostic__T1_double_well__pnedb__R001,kl_pf_vs_girsanov,0.043822329,dimensionless,configs/experiments/pf_companion_diagnostic/T1_double_well/pnedb.yaml,,,2,,,,pf_companion_ode_validation
pf_companion_diagnostic,T1_double_well,pnedb,R001,pf_companion_diagnostic__T1_double_well__pnedb__R001,kl_pf_vs_girsanov,0.029275463,dimensionless,configs/experiments/pf_companion_diagnostic/T1_double_well/pnedb.yaml,,,4,,,,pf_companion_ode_validation
pf_companion_diagnostic,T1_double_well,pnedb,R001,pf_companion_diagnostic__T1_double_well__pnedb__R001,kl_pf_vs_girsanov,0.024258857,dimensionless,configs/experiments/pf_companion_diagnostic/T1_double_well/pnedb.yaml,,,8,,,,pf_companion_ode_validation
pf_companion_diagnostic,T1_double_well,pnedb,R001,pf_companion_diagnostic__T1_double_well__pnedb__R001,logq_var,0.84442325,log_density_variance,configs/experiments/pf_companion_diagnostic/T1_double_well/pnedb.yaml,,,1,,,,pf_companion_ode_validation
pf_companion_diagnostic,T1_double_well,pnedb,R001,pf_companion_diagnostic__T1_double_well__pnedb__R001,logq_var,0.0970912,log_density_variance,configs/experiments/pf_companion_diagnostic/T1_double_well/pnedb.yaml,,,16,,,,pf_companion_ode_validation
pf_companion_diagnostic,T1_double_well,pnedb,R001,pf_companion_diagnostic__T1_double_well__pnedb__R001,logq_var,0.49506206,log_density_variance,configs/experiments/pf_companion_diagnostic/T1_double_well/pnedb.yaml,,,2,,,,pf_companion_ode_validation
pf_companion_diagnostic,T1_double_well,pnedb,R001,pf_companion_diagnostic__T1_double_well__pnedb__R001,logq_var,0.31376278,log_density_variance,configs/experiments/pf_companion_diagnostic/T1_double_well/pnedb.yaml,,,4,,,,pf_companion_ode_validation
pf_companion_diagnostic,T1_double_well,pnedb,R001,pf_companion_diagnostic__T1_double_well__pnedb__R001,logq_var,0.1412874,log_density_variance,configs/experiments/pf_companion_diagnostic/T1_double_well/pnedb.yaml,,,8,,,,pf_companion_ode_validation
pf_companion_diagnostic,T1_double_well,pnedb,R001,pf_companion_diagnostic__T1_double_well__pnedb__R001,logq_var_std,0.17194478,log_density_std,configs/experiments/pf_companion_diagnostic/T1_double_well/pnedb.yaml,,,1,,,,pf_companion_ode_validation
pf_companion_diagnostic,T1_double_well,pnedb,R001,pf_companion_diagnostic__T1_double_well__pnedb__R001,logq_var_std,0.067588765,log_density_std,configs/experiments/pf_companion_diagnostic/T1_double_well/pnedb.yaml,,,16,,,,pf_companion_ode_validation
pf_companion_diagnostic,T1_double_well,pnedb,R001,pf_companion_diagnostic__T1_double_well__pnedb__R001,logq_var_std,0.14143916,log_density_std,configs/experiments/pf_companion_diagnostic/T1_double_well/pnedb.yaml,,,2,,,,pf_companion_ode_validation
pf_companion_diagnostic,T1_double_well,pnedb,R001,pf_companion_diagnostic__T1_double_well__pnedb__R001,logq_var_std,0.087390147,log_density_std,configs/experiments/pf_companion_diagnostic/T1_double_well/pnedb.yaml,,,4,,,,pf_companion_ode_validation
pf_companion_diagnostic,T1_double_well,pnedb,R001,pf_companion_diagnostic__T1_double_well__pnedb__R001,logq_var_std,0.07087092,log_density_std,configs/experiments/pf_companion_diagnostic/T1_double_well/pnedb.yaml,,,8,,,,pf_companion_ode_validation
pf_companion_diagnostic,T1_double_well,pnedb,R001,pf_companion_diagnostic__T1_double_well__pnedb__R001,nll_error,0.20541899,nats,configs/experiments/pf_companion_diagnostic/T1_double_well/pnedb.yaml,,,1,,,,pf_companion_ode_validation
pf_companion_diagnostic,T1_double_well,pnedb,R001,pf_companion_diagnostic__T1_double_well__pnedb__R001,nll_error,0.062618042,nats,configs/experiments/pf_companion_diagnostic/T1_double_well/pnedb.yaml,,,16,,,,pf_companion_ode_validation
pf_companion_diagnostic,T1_double_well,pnedb,R001,pf_companion_diagnostic__T1_double_well__pnedb__R001,nll_error,0.13692337,nats,configs/experiments/pf_companion_diagnostic/T1_double_well/pnedb.yaml,,,2,,,,pf_companion_ode_validation
pf_companion_diagnostic,T1_double_well,pnedb,R001,pf_companion_diagnostic__T1_double_well__pnedb__R001,nll_error,0.10385796,nats,configs/experiments/pf_companion_diagnostic/T1_double_well/pnedb.yaml,,,4,,,,pf_companion_ode_validation
pf_companion_diagnostic,T1_double_well,pnedb,R001,pf_companion_diagnostic__T1_double_well__pnedb__R001,nll_error,0.087328618,nats,configs/experiments/pf_companion_diagnostic/T1_double_well/pnedb.yaml,,,8,,,,pf_companion_ode_validation
pf_companion_diagnostic,T1_double_well,pnedb,R002,pf_companion_diagnostic__T1_double_well__pnedb__R002,Deltaf_error,0.063173032,reduced_free_energy,configs/experiments/pf_companion_diagnostic/T1_double_well/pnedb.yaml,,,1,,,,pf_companion_ode_validation
pf_companion_diagnostic,T1_double_well,pnedb,R002,pf_companion_diagnostic__T1_double_well__pnedb__R002,Deltaf_error,0.017799015,reduced_free_energy,configs/experiments/pf_companion_diagnostic/T1_double_well/pnedb.yaml,,,16,,,,pf_companion_ode_validation
pf_companion_diagnostic,T1_double_well,pnedb,R002,pf_companion_diagnostic__T1_double_well__pnedb__R002,Deltaf_error,0.0396719,reduced_free_energy,configs/experiments/pf_companion_diagnostic/T1_double_well/pnedb.yaml,,,2,,,,pf_companion_ode_validation
pf_companion_diagnostic,T1_double_well,pnedb,R002,pf_companion_diagnostic__T1_double_well__pnedb__R002,Deltaf_error,0.030601334,reduced_free_energy,configs/experiments/pf_companion_diagnostic/T1_double_well/pnedb.yaml,,,4,,,,pf_companion_ode_validation
pf_companion_diagnostic,T1_double_well,pnedb,R002,pf_companion_diagnostic__T1_double_well__pnedb__R002,Deltaf_error,0.023012504,reduced_free_energy,configs/experiments/pf_companion_diagnostic/T1_double_well/pnedb.yaml,,,8,,,,pf_companion_ode_validation
pf_companion_diagnostic,T1_double_well,pnedb,R002,pf_companion_diagnostic__T1_double_well__pnedb__R002,ESS_error,0.09894864,fraction,configs/experiments/pf_companion_diagnostic/T1_double_well/pnedb.yaml,,,1,,,,pf_companion_ode_validation
pf_companion_diagnostic,T1_double_well,pnedb,R002,pf_companion_diagnostic__T1_double_well__pnedb__R002,ESS_error,0.029962411,fraction,configs/experiments/pf_companion_diagnostic/T1_double_well/pnedb.yaml,,,16,,,,pf_companion_ode_validation
pf_companion_diagnostic,T1_double_well,pnedb,R002,pf_companion_diagnostic__T1_double_well__pnedb__R002,ESS_error,0.076844453,fraction,configs/experiments/pf_companion_diagnostic/T1_double_well/pnedb.yaml,,,2,,,,pf_companion_ode_validation
pf_companion_diagnostic,T1_double_well,pnedb,R002,pf_companion_diagnostic__T1_double_well__pnedb__R002,ESS_error,0.05866026,fraction,configs/experiments/pf_companion_diagnostic/T1_double_well/pnedb.yaml,,,4,,,,pf_companion_ode_validation
pf_companion_diagnostic,T1_double_well,pnedb,R002,pf_companion_diagnostic__T1_double_well__pnedb__R002,ESS_error,0.049294498,fraction,configs/experiments/pf_companion_diagnostic/T1_double_well/pnedb.yaml,,,8,,,,pf_companion_ode_validation
pf_companion_diagnostic,T1_double_well,pnedb,R002,pf_companion_diagnostic__T1_double_well__pnedb__R002,hutchinson_M,1,count,configs/experiments/pf_companion_diagnostic/T1_double_well/pnedb.yaml,,,1,,,,pf_companion_ode_validation
pf_companion_diagnostic,T1_double_well,pnedb,R002,pf_companion_diagnostic__T1_double_well__pnedb__R002,hutchinson_M,16,count,configs/experiments/pf_companion_diagnostic/T1_double_well/pnedb.yaml,,,16,,,,pf_companion_ode_validation
pf_companion_diagnostic,T1_double_well,pnedb,R002,pf_companion_diagnostic__T1_double_well__pnedb__R002,hutchinson_M,2,count,configs/experiments/pf_companion_diagnostic/T1_double_well/pnedb.yaml,,,2,,,,pf_companion_ode_validation
pf_companion_diagnostic,T1_double_well,pnedb,R002,pf_companion_diagnostic__T1_double_well__pnedb__R002,hutchinson_M,4,count,configs/experiments/pf_companion_diagnostic/T1_double_well/pnedb.yaml,,,4,,,,pf_companion_ode_validation
pf_companion_diagnostic,T1_double_well,pnedb,R002,pf_companion_diagnostic__T1_double_well__pnedb__R002,hutchinson_M,8,count,configs/experiments/pf_companion_diagnostic/T1_double_well/pnedb.yaml,,,8,,,,pf_companion_ode_validation
pf_companion_diagnostic,T1_double_well,pnedb,R002,pf_companion_diagnostic__T1_double_well__pnedb__R002,kl_pf_vs_girsanov,0.058327788,dimensionless,configs/experiments/pf_companion_diagnostic/T1_double_well/pnedb.yaml,,,1,,,,pf_companion_ode_validation
pf_companion_diagnostic,T1_double_well,pnedb,R002,pf_companion_diagnostic__T1_double_well__pnedb__R002,kl_pf_vs_girsanov,0.017117261,dimensionless,configs/experiments/pf_companion_diagnostic/T1_double_well/pnedb.yaml,,,16,,,,pf_companion_ode_validation
pf_companion_diagnostic,T1_double_well,pnedb,R002,pf_companion_diagnostic__T1_double_well__pnedb__R002,kl_pf_vs_girsanov,0.039487474,dimensionless,configs/experiments/pf_companion_diagnostic/T1_double_well/pnedb.yaml,,,2,,,,pf_companion_ode_validation
pf_companion_diagnostic,T1_double_well,pnedb,R002,pf_companion_diagnostic__T1_double_well__pnedb__R002,kl_pf_vs_girsanov,0.024937918,dimensionless,configs/experiments/pf_companion_diagnostic/T1_double_well/pnedb.yaml,,,4,,,,pf_companion_ode_validation
pf_companion_diagnostic,T1_double_well,pnedb,R002,pf_companion_diagnostic__T1_double_well__pnedb__R002,kl_pf_vs_girsanov,0.021981611,dimensionless,configs/experiments/pf_companion_diagnostic/T1_double_well/pnedb.yaml,,,8,,,,pf_companion_ode_validation
pf_companion_diagnostic,T1_double_well,pnedb,R002,pf_companion_diagnostic__T1_double_well__pnedb__R002,logq_var,0.86952473,log_density_variance,configs/experiments/pf_companion_diagnostic/T1_double_well/pnedb.yaml,,,1,,,,pf_companion_ode_validation
pf_companion_diagnostic,T1_double_well,pnedb,R002,pf_companion_diagnostic__T1_double_well__pnedb__R002,logq_var,0.09289866,log_density_variance,configs/experiments/pf_companion_diagnostic/T1_double_well/pnedb.yaml,,,16,,,,pf_companion_ode_validation
pf_companion_diagnostic,T1_double_well,pnedb,R002,pf_companion_diagnostic__T1_double_well__pnedb__R002,logq_var,0.51204223,log_density_variance,configs/experiments/pf_companion_diagnostic/T1_double_well/pnedb.yaml,,,2,,,,pf_companion_ode_validation
pf_companion_diagnostic,T1_double_well,pnedb,R002,pf_companion_diagnostic__T1_double_well__pnedb__R002,logq_var,0.27653266,log_density_variance,configs/experiments/pf_companion_diagnostic/T1_double_well/pnedb.yaml,,,4,,,,pf_companion_ode_validation
pf_companion_diagnostic,T1_double_well,pnedb,R002,pf_companion_diagnostic__T1_double_well__pnedb__R002,logq_var,0.16001929,log_density_variance,configs/experiments/pf_companion_diagnostic/T1_double_well/pnedb.yaml,,,8,,,,pf_companion_ode_validation
pf_companion_diagnostic,T1_double_well,pnedb,R002,pf_companion_diagnostic__T1_double_well__pnedb__R002,logq_var_std,0.15703318,log_density_std,configs/experiments/pf_companion_diagnostic/T1_double_well/pnedb.yaml,,,1,,,,pf_companion_ode_validation
pf_companion_diagnostic,T1_double_well,pnedb,R002,pf_companion_diagnostic__T1_double_well__pnedb__R002,logq_var_std,0.040839943,log_density_std,configs/experiments/pf_companion_diagnostic/T1_double_well/pnedb.yaml,,,16,,,,pf_companion_ode_validation
pf_companion_diagnostic,T1_double_well,pnedb,R002,pf_companion_diagnostic__T1_double_well__pnedb__R002,logq_var_std,0.12524282,log_density_std,configs/experiments/pf_companion_diagnostic/T1_double_well/pnedb.yaml,,,2,,,,pf_companion_ode_validation
pf_companion_diagnostic,T1_double_well,pnedb,R002,pf_companion_diagnostic__T1_double_well__pnedb__R002,logq_var_std,0.091287092,log_density_std,configs/experiments/pf_companion_diagnostic/T1_double_well/pnedb.yaml,,,4,,,,pf_companion_ode_validation
pf_companion_diagnostic,T1_double_well,pnedb,R002,pf_companion_diagnostic__T1_double_well__pnedb__R002,logq_var_std,0.081831872,log_density_std,configs/experiments/pf_companion_diagnostic/T1_double_well/pnedb.yaml,,,8,,,,pf_companion_ode_validation
pf_companion_diagnostic,T1_double_well,pnedb,R002,pf_companion_diagnostic__T1_double_well__pnedb__R002,nll_error,0.20411201,nats,configs/experiments/pf_companion_diagnostic/T1_double_well/pnedb.yaml,,,1,,,,pf_companion_ode_validation
pf_companion_diagnostic,T1_double_well,pnedb,R002,pf_companion_diagnostic__T1_double_well__pnedb__R002,nll_error,0.05728867,nats,configs/experiments/pf_companion_diagnostic/T1_double_well/pnedb.yaml,,,16,,,,pf_companion_ode_validation
pf_companion_diagnostic,T1_double_well,pnedb,R002,pf_companion_diagnostic__T1_double_well__pnedb__R002,nll_error,0.13735372,nats,configs/experiments/pf_companion_diagnostic/T1_double_well/pnedb.yaml,,,2,,,,pf_companion_ode_validation
pf_companion_diagnostic,T1_double_well,pnedb,R002,pf_companion_diagnostic__T1_double_well__pnedb__R002,nll_error,0.10700055,nats,configs/experiments/pf_companion_diagnostic/T1_double_well/pnedb.yaml,,,4,,,,pf_companion_ode_validation
pf_companion_diagnostic,T1_double_well,pnedb,R002,pf_companion_diagnostic__T1_double_well__pnedb__R002,nll_error,0.08407746,nats,configs/experiments/pf_companion_diagnostic/T1_double_well/pnedb.yaml,,,8,,,,pf_companion_ode_validation
pf_companion_diagnostic,T1_double_well,pnedb,R003,pf_companion_diagnostic__T1_double_well__pnedb__R003,Deltaf_error,0.0589761,reduced_free_energy,configs/experiments/pf_companion_diagnostic/T1_double_well/pnedb.yaml,,,1,,,,pf_companion_ode_validation
pf_companion_diagnostic,T1_double_well,pnedb,R003,pf_companion_diagnostic__T1_double_well__pnedb__R003,Deltaf_error,0.011834518,reduced_free_energy,configs/experiments/pf_companion_diagnostic/T1_double_well/pnedb.yaml,,,16,,,,pf_companion_ode_validation
pf_companion_diagnostic,T1_double_well,pnedb,R003,pf_companion_diagnostic__T1_double_well__pnedb__R003,Deltaf_error,0.037082559,reduced_free_energy,configs/experiments/pf_companion_diagnostic/T1_double_well/pnedb.yaml,,,2,,,,pf_companion_ode_validation
pf_companion_diagnostic,T1_double_well,pnedb,R003,pf_companion_diagnostic__T1_double_well__pnedb__R003,Deltaf_error,0.028306107,reduced_free_energy,configs/experiments/pf_companion_diagnostic/T1_double_well/pnedb.yaml,,,4,,,,pf_companion_ode_validation
pf_companion_diagnostic,T1_double_well,pnedb,R003,pf_companion_diagnostic__T1_double_well__pnedb__R003,Deltaf_error,0.026056267,reduced_free_energy,configs/experiments/pf_companion_diagnostic/T1_double_well/pnedb.yaml,,,8,,,,pf_companion_ode_validation
pf_companion_diagnostic,T1_double_well,pnedb,R003,pf_companion_diagnostic__T1_double_well__pnedb__R003,ESS_error,0.096842031,fraction,configs/experiments/pf_companion_diagnostic/T1_double_well/pnedb.yaml,,,1,,,,pf_companion_ode_validation
pf_companion_diagnostic,T1_double_well,pnedb,R003,pf_companion_diagnostic__T1_double_well__pnedb__R003,ESS_error,0.032576157,fraction,configs/experiments/pf_companion_diagnostic/T1_double_well/pnedb.yaml,,,16,,,,pf_companion_ode_validation
pf_companion_diagnostic,T1_double_well,pnedb,R003,pf_companion_diagnostic__T1_double_well__pnedb__R003,ESS_error,0.074163085,fraction,configs/experiments/pf_companion_diagnostic/T1_double_well/pnedb.yaml,,,2,,,,pf_companion_ode_validation
pf_companion_diagnostic,T1_double_well,pnedb,R003,pf_companion_diagnostic__T1_double_well__pnedb__R003,ESS_error,0.053588342,fraction,configs/experiments/pf_companion_diagnostic/T1_double_well/pnedb.yaml,,,4,,,,pf_companion_ode_validation
pf_companion_diagnostic,T1_double_well,pnedb,R003,pf_companion_diagnostic__T1_double_well__pnedb__R003,ESS_error,0.044603234,fraction,configs/experiments/pf_companion_diagnostic/T1_double_well/pnedb.yaml,,,8,,,,pf_companion_ode_validation
pf_companion_diagnostic,T1_double_well,pnedb,R003,pf_companion_diagnostic__T1_double_well__pnedb__R003,hutchinson_M,1,count,configs/experiments/pf_companion_diagnostic/T1_double_well/pnedb.yaml,,,1,,,,pf_companion_ode_validation
pf_companion_diagnostic,T1_double_well,pnedb,R003,pf_companion_diagnostic__T1_double_well__pnedb__R003,hutchinson_M,16,count,configs/experiments/pf_companion_diagnostic/T1_double_well/pnedb.yaml,,,16,,,,pf_companion_ode_validation
pf_companion_diagnostic,T1_double_well,pnedb,R003,pf_companion_diagnostic__T1_double_well__pnedb__R003,hutchinson_M,2,count,configs/experiments/pf_companion_diagnostic/T1_double_well/pnedb.yaml,,,2,,,,pf_companion_ode_validation
pf_companion_diagnostic,T1_double_well,pnedb,R003,pf_companion_diagnostic__T1_double_well__pnedb__R003,hutchinson_M,4,count,configs/experiments/pf_companion_diagnostic/T1_double_well/pnedb.yaml,,,4,,,,pf_companion_ode_validation
pf_companion_diagnostic,T1_double_well,pnedb,R003,pf_companion_diagnostic__T1_double_well__pnedb__R003,hutchinson_M,8,count,configs/experiments/pf_companion_diagnostic/T1_double_well/pnedb.yaml,,,8,,,,pf_companion_ode_validation
pf_companion_diagnostic,T1_double_well,pnedb,R003,pf_companion_diagnostic__T1_double_well__pnedb__R003,kl_pf_vs_girsanov,0.067117245,dimensionless,configs/experiments/pf_companion_diagnostic/T1_double_well/pnedb.yaml,,,1,,,,pf_companion_ode_validation
pf_companion_diagnostic,T1_double_well,pnedb,R003,pf_companion_diagnostic__T1_double_well__pnedb__R003,kl_pf_vs_girsanov,0.012987535,dimensionless,configs/experiments/pf_companion_diagnostic/T1_double_well/pnedb.yaml,,,16,,,,pf_companion_ode_validation
pf_companion_diagnostic,T1_double_well,pnedb,R003,pf_companion_diagnostic__T1_double_well__pnedb__R003,kl_pf_vs_girsanov,0.038255562,dimensionless,configs/experiments/pf_companion_diagnostic/T1_double_well/pnedb.yaml,,,2,,,,pf_companion_ode_validation
pf_companion_diagnostic,T1_double_well,pnedb,R003,pf_companion_diagnostic__T1_double_well__pnedb__R003,kl_pf_vs_girsanov,0.030104491,dimensionless,configs/experiments/pf_companion_diagnostic/T1_double_well/pnedb.yaml,,,4,,,,pf_companion_ode_validation
pf_companion_diagnostic,T1_double_well,pnedb,R003,pf_companion_diagnostic__T1_double_well__pnedb__R003,kl_pf_vs_girsanov,0.022118409,dimensionless,configs/experiments/pf_companion_diagnostic/T1_double_well/pnedb.yaml,,,8,,,,pf_companion_ode_validation
pf_companion_diagnostic,T1_double_well,pnedb,R003,pf_companion_diagnostic__T1_double_well__pnedb__R003,logq_var,0.96518637,log_density_variance,configs/experiments/pf_companion_diagnostic/T1_double_well/pnedb.yaml,,,1,,,,pf_companion_ode_validation
pf_companion_diagnostic,T1_double_well,pnedb,R003,pf_companion_diagnostic__T1_double_well__pnedb__R003,logq_var,0.10020157,log_density_variance,configs/experiments/pf_companion_diagnostic/T1_double_well/pnedb.yaml,,,16,,,,pf_companion_ode_validation
pf_companion_diagnostic,T1_double_well,pnedb,R003,pf_companion_diagnostic__T1_double_well__pnedb__R003,logq_var,0.49648054,log_density_variance,configs/experiments/pf_companion_diagnostic/T1_double_well/pnedb.yaml,,,2,,,,pf_companion_ode_validation
pf_companion_diagnostic,T1_double_well,pnedb,R003,pf_companion_diagnostic__T1_double_well__pnedb__R003,logq_var,0.25849263,log_density_variance,configs/experiments/pf_companion_diagnostic/T1_double_well/pnedb.yaml,,,4,,,,pf_companion_ode_validation
pf_companion_diagnostic,T1_double_well,pnedb,R003,pf_companion_diagnostic__T1_double_well__pnedb__R003,logq_var,0.15128879,log_density_variance,configs/experiments/pf_companion_diagnostic/T1_double_well/pnedb.yaml,,,8,,,,pf_companion_ode_validation
pf_companion_diagnostic,T1_double_well,pnedb,R003,pf_companion_diagnostic__T1_double_well__pnedb__R003,logq_var_std,0.17000631,log_density_std,configs/experiments/pf_companion_diagnostic/T1_double_well/pnedb.yaml,,,1,,,,pf_companion_ode_validation
pf_companion_diagnostic,T1_double_well,pnedb,R003,pf_companion_diagnostic__T1_double_well__pnedb__R003,logq_var_std,0.053469502,log_density_std,configs/experiments/pf_companion_diagnostic/T1_double_well/pnedb.yaml,,,16,,,,pf_companion_ode_validation
pf_companion_diagnostic,T1_double_well,pnedb,R003,pf_companion_diagnostic__T1_double_well__pnedb__R003,logq_var_std,0.12930943,log_density_std,configs/experiments/pf_companion_diagnostic/T1_double_well/pnedb.yaml,,,2,,,,pf_companion_ode_validation
pf_companion_diagnostic,T1_double_well,pnedb,R003,pf_companion_diagnostic__T1_double_well__pnedb__R003,logq_var_std,0.083676074,log_density_std,configs/experiments/pf_companion_diagnostic/T1_double_well/pnedb.yaml,,,4,,,,pf_companion_ode_validation
pf_companion_diagnostic,T1_double_well,pnedb,R003,pf_companion_diagnostic__T1_double_well__pnedb__R003,logq_var_std,0.05753534,log_density_std,configs/experiments/pf_companion_diagnostic/T1_double_well/pnedb.yaml,,,8,,,,pf_companion_ode_validation
pf_companion_diagnostic,T1_double_well,pnedb,R003,pf_companion_diagnostic__T1_double_well__pnedb__R003,nll_error,0.18847513,nats,configs/experiments/pf_companion_diagnostic/T1_double_well/pnedb.yaml,,,1,,,,pf_companion_ode_validation
pf_companion_diagnostic,T1_double_well,pnedb,R003,pf_companion_diagnostic__T1_double_well__pnedb__R003,nll_error,0.060493953,nats,configs/experiments/pf_companion_diagnostic/T1_double_well/pnedb.yaml,,,16,,,,pf_companion_ode_validation
pf_companion_diagnostic,T1_double_well,pnedb,R003,pf_companion_diagnostic__T1_double_well__pnedb__R003,nll_error,0.15119539,nats,configs/experiments/pf_companion_diagnostic/T1_double_well/pnedb.yaml,,,2,,,,pf_companion_ode_validation
pf_companion_diagnostic,T1_double_well,pnedb,R003,pf_companion_diagnostic__T1_double_well__pnedb__R003,nll_error,0.1089901,nats,configs/experiments/pf_companion_diagnostic/T1_double_well/pnedb.yaml,,,4,,,,pf_companion_ode_validation
pf_companion_diagnostic,T1_double_well,pnedb,R003,pf_companion_diagnostic__T1_double_well__pnedb__R003,nll_error,0.088449612,nats,configs/experiments/pf_companion_diagnostic/T1_double_well/pnedb.yaml,,,8,,,,pf_companion_ode_validation
pf_companion_diagnostic,T1_double_well,pnedb,R004,pf_companion_diagnostic__T1_double_well__pnedb__R004,Deltaf_error,0.061456934,reduced_free_energy,configs/experiments/pf_companion_diagnostic/T1_double_well/pnedb.yaml,,,1,,,,pf_companion_ode_validation
pf_companion_diagnostic,T1_double_well,pnedb,R004,pf_companion_diagnostic__T1_double_well__pnedb__R004,Deltaf_error,0.01653185,reduced_free_energy,configs/experiments/pf_companion_diagnostic/T1_double_well/pnedb.yaml,,,16,,,,pf_companion_ode_validation
pf_companion_diagnostic,T1_double_well,pnedb,R004,pf_companion_diagnostic__T1_double_well__pnedb__R004,Deltaf_error,0.0447221,reduced_free_energy,configs/experiments/pf_companion_diagnostic/T1_double_well/pnedb.yaml,,,2,,,,pf_companion_ode_validation
pf_companion_diagnostic,T1_double_well,pnedb,R004,pf_companion_diagnostic__T1_double_well__pnedb__R004,Deltaf_error,0.029233506,reduced_free_energy,configs/experiments/pf_companion_diagnostic/T1_double_well/pnedb.yaml,,,4,,,,pf_companion_ode_validation
pf_companion_diagnostic,T1_double_well,pnedb,R004,pf_companion_diagnostic__T1_double_well__pnedb__R004,Deltaf_error,0.021765113,reduced_free_energy,configs/experiments/pf_companion_diagnostic/T1_double_well/pnedb.yaml,,,8,,,,pf_companion_ode_validation
pf_companion_diagnostic,T1_double_well,pnedb,R004,pf_companion_diagnostic__T1_double_well__pnedb__R004,ESS_error,0.099619466,fraction,configs/experiments/pf_companion_diagnostic/T1_double_well/pnedb.yaml,,,1,,,,pf_companion_ode_validation
pf_companion_diagnostic,T1_double_well,pnedb,R004,pf_companion_diagnostic__T1_double_well__pnedb__R004,ESS_error,0.02744112,fraction,configs/experiments/pf_companion_diagnostic/T1_double_well/pnedb.yaml,,,16,,,,pf_companion_ode_validation
pf_companion_diagnostic,T1_double_well,pnedb,R004,pf_companion_diagnostic__T1_double_well__pnedb__R004,ESS_error,0.072261712,fraction,configs/experiments/pf_companion_diagnostic/T1_double_well/pnedb.yaml,,,2,,,,pf_companion_ode_validation
pf_companion_diagnostic,T1_double_well,pnedb,R004,pf_companion_diagnostic__T1_double_well__pnedb__R004,ESS_error,0.051121498,fraction,configs/experiments/pf_companion_diagnostic/T1_double_well/pnedb.yaml,,,4,,,,pf_companion_ode_validation
pf_companion_diagnostic,T1_double_well,pnedb,R004,pf_companion_diagnostic__T1_double_well__pnedb__R004,ESS_error,0.040195365,fraction,configs/experiments/pf_companion_diagnostic/T1_double_well/pnedb.yaml,,,8,,,,pf_companion_ode_validation
pf_companion_diagnostic,T1_double_well,pnedb,R004,pf_companion_diagnostic__T1_double_well__pnedb__R004,hutchinson_M,1,count,configs/experiments/pf_companion_diagnostic/T1_double_well/pnedb.yaml,,,1,,,,pf_companion_ode_validation
pf_companion_diagnostic,T1_double_well,pnedb,R004,pf_companion_diagnostic__T1_double_well__pnedb__R004,hutchinson_M,16,count,configs/experiments/pf_companion_diagnostic/T1_double_well/pnedb.yaml,,,16,,,,pf_companion_ode_validation
pf_companion_diagnostic,T1_double_well,pnedb,R004,pf_companion_diagnostic__T1_double_well__pnedb__R004,hutchinson_M,2,count,configs/experiments/pf_companion_diagnostic/T1_double_well/pnedb.yaml,,,2,,,,pf_companion_ode_validation
pf_companion_diagnostic,T1_double_well,pnedb,R004,pf_companion_diagnostic__T1_double_well__pnedb__R004,hutchinson_M,4,count,configs/experiments/pf_companion_diagnostic/T1_double_well/pnedb.yaml,,,4,,,,pf_companion_ode_validation
pf_companion_diagnostic,T1_double_well,pnedb,R004,pf_companion_diagnostic__T1_double_well__pnedb__R004,hutchinson_M,8,count,configs/experiments/pf_companion_diagnostic/T1_double_well/pnedb.yaml,,,8,,,,pf_companion_ode_validation
pf_companion_diagnostic,T1_double_well,pnedb,R004,pf_companion_diagnostic__T1_double_well__pnedb__R004,kl_pf_vs_girsanov,0.062261575,dimensionless,configs/experiments/pf_companion_diagnostic/T1_double_well/pnedb.yaml,,,1,,,,pf_companion_ode_validation
pf_companion_diagnostic,T1_double_well,pnedb,R004,pf_companion_diagnostic__T1_double_well__pnedb__R004,kl_pf_vs_girsanov,0.01419275,dimensionless,configs/experiments/pf_companion_diagnostic/T1_double_well/pnedb.yaml,,,16,,,,pf_companion_ode_validation
pf_companion_diagnostic,T1_double_well,pnedb,R004,pf_companion_diagnostic__T1_double_well__pnedb__R004,kl_pf_vs_girsanov,0.039171251,dimensionless,configs/experiments/pf_companion_diagnostic/T1_double_well/pnedb.yaml,,,2,,,,pf_companion_ode_validation
pf_companion_diagnostic,T1_double_well,pnedb,R004,pf_companion_diagnostic__T1_double_well__pnedb__R004,kl_pf_vs_girsanov,0.027199747,dimensionless,configs/experiments/pf_companion_diagnostic/T1_double_well/pnedb.yaml,,,4,,,,pf_companion_ode_validation
pf_companion_diagnostic,T1_double_well,pnedb,R004,pf_companion_diagnostic__T1_double_well__pnedb__R004,kl_pf_vs_girsanov,0.028515579,dimensionless,configs/experiments/pf_companion_diagnostic/T1_double_well/pnedb.yaml,,,8,,,,pf_companion_ode_validation
pf_companion_diagnostic,T1_double_well,pnedb,R004,pf_companion_diagnostic__T1_double_well__pnedb__R004,logq_var,0.89227661,log_density_variance,configs/experiments/pf_companion_diagnostic/T1_double_well/pnedb.yaml,,,1,,,,pf_companion_ode_validation
pf_companion_diagnostic,T1_double_well,pnedb,R004,pf_companion_diagnostic__T1_double_well__pnedb__R004,logq_var,0.11051702,log_density_variance,configs/experiments/pf_companion_diagnostic/T1_double_well/pnedb.yaml,,,16,,,,pf_companion_ode_validation
pf_companion_diagnostic,T1_double_well,pnedb,R004,pf_companion_diagnostic__T1_double_well__pnedb__R004,logq_var,0.4351535,log_density_variance,configs/experiments/pf_companion_diagnostic/T1_double_well/pnedb.yaml,,,2,,,,pf_companion_ode_validation
pf_companion_diagnostic,T1_double_well,pnedb,R004,pf_companion_diagnostic__T1_double_well__pnedb__R004,logq_var,0.28705141,log_density_variance,configs/experiments/pf_companion_diagnostic/T1_double_well/pnedb.yaml,,,4,,,,pf_companion_ode_validation
pf_companion_diagnostic,T1_double_well,pnedb,R004,pf_companion_diagnostic__T1_double_well__pnedb__R004,logq_var,0.15343219,log_density_variance,configs/experiments/pf_companion_diagnostic/T1_double_well/pnedb.yaml,,,8,,,,pf_companion_ode_validation
pf_companion_diagnostic,T1_double_well,pnedb,R004,pf_companion_diagnostic__T1_double_well__pnedb__R004,logq_var_std,0.15743533,log_density_std,configs/experiments/pf_companion_diagnostic/T1_double_well/pnedb.yaml,,,1,,,,pf_companion_ode_validation
pf_companion_diagnostic,T1_double_well,pnedb,R004,pf_companion_diagnostic__T1_double_well__pnedb__R004,logq_var_std,0.068977346,log_density_std,configs/experiments/pf_companion_diagnostic/T1_double_well/pnedb.yaml,,,16,,,,pf_companion_ode_validation
pf_companion_diagnostic,T1_double_well,pnedb,R004,pf_companion_diagnostic__T1_double_well__pnedb__R004,logq_var_std,0.11929638,log_density_std,configs/experiments/pf_companion_diagnostic/T1_double_well/pnedb.yaml,,,2,,,,pf_companion_ode_validation
pf_companion_diagnostic,T1_double_well,pnedb,R004,pf_companion_diagnostic__T1_double_well__pnedb__R004,logq_var_std,0.077465795,log_density_std,configs/experiments/pf_companion_diagnostic/T1_double_well/pnedb.yaml,,,4,,,,pf_companion_ode_validation
pf_companion_diagnostic,T1_double_well,pnedb,R004,pf_companion_diagnostic__T1_double_well__pnedb__R004,logq_var_std,0.069411474,log_density_std,configs/experiments/pf_companion_diagnostic/T1_double_well/pnedb.yaml,,,8,,,,pf_companion_ode_validation
pf_companion_diagnostic,T1_double_well,pnedb,R004,pf_companion_diagnostic__T1_double_well__pnedb__R004,nll_error,0.19004074,nats,configs/experiments/pf_companion_diagnostic/T1_double_well/pnedb.yaml,,,1,,,,pf_companion_ode_validation
pf_companion_diagnostic,T1_double_well,pnedb,R004,pf_companion_diagnostic__T1_double_well__pnedb__R004,nll_error,0.05967466,nats,configs/experiments/pf_companion_diagnostic/T1_double_well/pnedb.yaml,,,16,,,,pf_companion_ode_validation
pf_companion_diagnostic,T1_double_well,pnedb,R004,pf_companion_diagnostic__T1_double_well__pnedb__R004,nll_error,0.13835302,nats,configs/experiments/pf_companion_diagnostic/T1_double_well/pnedb.yaml,,,2,,,,pf_companion_ode_validation
pf_companion_diagnostic,T1_double_well,pnedb,R004,pf_companion_diagnostic__T1_double_well__pnedb__R004,nll_error,0.11271963,nats,configs/experiments/pf_companion_diagnostic/T1_double_well/pnedb.yaml,,,4,,,,pf_companion_ode_validation
pf_companion_diagnostic,T1_double_well,pnedb,R004,pf_companion_diagnostic__T1_double_well__pnedb__R004,nll_error,0.08181362,nats,configs/experiments/pf_companion_diagnostic/T1_double_well/pnedb.yaml,,,8,,,,pf_companion_ode_validation
pf_companion_diagnostic,T1_double_well,pnedb,R005,pf_companion_diagnostic__T1_double_well__pnedb__R005,Deltaf_error,0.055910114,reduced_free_energy,configs/experiments/pf_companion_diagnostic/T1_double_well/pnedb.yaml,,,1,,,,pf_companion_ode_validation
pf_companion_diagnostic,T1_double_well,pnedb,R005,pf_companion_diagnostic__T1_double_well__pnedb__R005,Deltaf_error,0.017950333,reduced_free_energy,configs/experiments/pf_companion_diagnostic/T1_double_well/pnedb.yaml,,,16,,,,pf_companion_ode_validation
pf_companion_diagnostic,T1_double_well,pnedb,R005,pf_companion_diagnostic__T1_double_well__pnedb__R005,Deltaf_error,0.046190075,reduced_free_energy,configs/experiments/pf_companion_diagnostic/T1_double_well/pnedb.yaml,,,2,,,,pf_companion_ode_validation
pf_companion_diagnostic,T1_double_well,pnedb,R005,pf_companion_diagnostic__T1_double_well__pnedb__R005,Deltaf_error,0.034007287,reduced_free_energy,configs/experiments/pf_companion_diagnostic/T1_double_well/pnedb.yaml,,,4,,,,pf_companion_ode_validation
pf_companion_diagnostic,T1_double_well,pnedb,R005,pf_companion_diagnostic__T1_double_well__pnedb__R005,Deltaf_error,0.02111866,reduced_free_energy,configs/experiments/pf_companion_diagnostic/T1_double_well/pnedb.yaml,,,8,,,,pf_companion_ode_validation
pf_companion_diagnostic,T1_double_well,pnedb,R005,pf_companion_diagnostic__T1_double_well__pnedb__R005,ESS_error,0.10147295,fraction,configs/experiments/pf_companion_diagnostic/T1_double_well/pnedb.yaml,,,1,,,,pf_companion_ode_validation
pf_companion_diagnostic,T1_double_well,pnedb,R005,pf_companion_diagnostic__T1_double_well__pnedb__R005,ESS_error,0.031448848,fraction,configs/experiments/pf_companion_diagnostic/T1_double_well/pnedb.yaml,,,16,,,,pf_companion_ode_validation
pf_companion_diagnostic,T1_double_well,pnedb,R005,pf_companion_diagnostic__T1_double_well__pnedb__R005,ESS_error,0.071942163,fraction,configs/experiments/pf_companion_diagnostic/T1_double_well/pnedb.yaml,,,2,,,,pf_companion_ode_validation
pf_companion_diagnostic,T1_double_well,pnedb,R005,pf_companion_diagnostic__T1_double_well__pnedb__R005,ESS_error,0.053745884,fraction,configs/experiments/pf_companion_diagnostic/T1_double_well/pnedb.yaml,,,4,,,,pf_companion_ode_validation
pf_companion_diagnostic,T1_double_well,pnedb,R005,pf_companion_diagnostic__T1_double_well__pnedb__R005,ESS_error,0.043801146,fraction,configs/experiments/pf_companion_diagnostic/T1_double_well/pnedb.yaml,,,8,,,,pf_companion_ode_validation
pf_companion_diagnostic,T1_double_well,pnedb,R005,pf_companion_diagnostic__T1_double_well__pnedb__R005,hutchinson_M,1,count,configs/experiments/pf_companion_diagnostic/T1_double_well/pnedb.yaml,,,1,,,,pf_companion_ode_validation
pf_companion_diagnostic,T1_double_well,pnedb,R005,pf_companion_diagnostic__T1_double_well__pnedb__R005,hutchinson_M,16,count,configs/experiments/pf_companion_diagnostic/T1_double_well/pnedb.yaml,,,16,,,,pf_companion_ode_validation
pf_companion_diagnostic,T1_double_well,pnedb,R005,pf_companion_diagnostic__T1_double_well__pnedb__R005,hutchinson_M,2,count,configs/experiments/pf_companion_diagnostic/T1_double_well/pnedb.yaml,,,2,,,,pf_companion_ode_validation
pf_companion_diagnostic,T1_double_well,pnedb,R005,pf_companion_diagnostic__T1_double_well__pnedb__R005,hutchinson_M,4,count,configs/experiments/pf_companion_diagnostic/T1_double_well/pnedb.yaml,,,4,,,,pf_companion_ode_validation
pf_companion_diagnostic,T1_double_well,pnedb,R005,pf_companion_diagnostic__T1_double_well__pnedb__R005,hutchinson_M,8,count,configs/experiments/pf_companion_diagnostic/T1_double_well/pnedb.yaml,,,8,,,,pf_companion_ode_validation
pf_companion_diagnostic,T1_double_well,pnedb,R005,pf_companion_diagnostic__T1_double_well__pnedb__R005,kl_pf_vs_girsanov,0.055982704,dimensionless,configs/experiments/pf_companion_diagnostic/T1_double_well/pnedb.yaml,,,1,,,,pf_companion_ode_validation
pf_companion_diagnostic,T1_double_well,pnedb,R005,pf_companion_diagnostic__T1_double_well__pnedb__R005,kl_pf_vs_girsanov,0.01531291,dimensionless,configs/experiments/pf_companion_diagnostic/T1_double_well/pnedb.yaml,,,16,,,,pf_companion_ode_validation
pf_companion_diagnostic,T1_double_well,pnedb,R005,pf_companion_diagnostic__T1_double_well__pnedb__R005,kl_pf_vs_girsanov,0.041852186,dimensionless,configs/experiments/pf_companion_diagnostic/T1_double_well/pnedb.yaml,,,2,,,,pf_companion_ode_validation
pf_companion_diagnostic,T1_double_well,pnedb,R005,pf_companion_diagnostic__T1_double_well__pnedb__R005,kl_pf_vs_girsanov,0.021915044,dimensionless,configs/experiments/pf_companion_diagnostic/T1_double_well/pnedb.yaml,,,4,,,,pf_companion_ode_validation
pf_companion_diagnostic,T1_double_well,pnedb,R005,pf_companion_diagnostic__T1_double_well__pnedb__R005,kl_pf_vs_girsanov,0.022523779,dimensionless,configs/experiments/pf_companion_diagnostic/T1_double_well/pnedb.yaml,,,8,,,,pf_companion_ode_validation
pf_companion_diagnostic,T1_double_well,pnedb,R005,pf_companion_diagnostic__T1_double_well__pnedb__R005,logq_var,0.96792235,log_density_variance,configs/experiments/pf_companion_diagnostic/T1_double_well/pnedb.yaml,,,1,,,,pf_companion_ode_validation
pf_companion_diagnostic,T1_double_well,pnedb,R005,pf_companion_diagnostic__T1_double_well__pnedb__R005,logq_var,0.090801137,log_density_variance,configs/experiments/pf_companion_diagnostic/T1_double_well/pnedb.yaml,,,16,,,,pf_companion_ode_validation
pf_companion_diagnostic,T1_double_well,pnedb,R005,pf_companion_diagnostic__T1_double_well__pnedb__R005,logq_var,0.44897702,log_density_variance,configs/experiments/pf_companion_diagnostic/T1_double_well/pnedb.yaml,,,2,,,,pf_companion_ode_validation
pf_companion_diagnostic,T1_double_well,pnedb,R005,pf_companion_diagnostic__T1_double_well__pnedb__R005,logq_var,0.2452533,log_density_variance,configs/experiments/pf_companion_diagnostic/T1_double_well/pnedb.yaml,,,4,,,,pf_companion_ode_validation
pf_companion_diagnostic,T1_double_well,pnedb,R005,pf_companion_diagnostic__T1_double_well__pnedb__R005,logq_var,0.13276698,log_density_variance,configs/experiments/pf_companion_diagnostic/T1_double_well/pnedb.yaml,,,8,,,,pf_companion_ode_validation
pf_companion_diagnostic,T1_double_well,pnedb,R005,pf_companion_diagnostic__T1_double_well__pnedb__R005,logq_var_std,0.19135503,log_density_std,configs/experiments/pf_companion_diagnostic/T1_double_well/pnedb.yaml,,,1,,,,pf_companion_ode_validation
pf_companion_diagnostic,T1_double_well,pnedb,R005,pf_companion_diagnostic__T1_double_well__pnedb__R005,logq_var_std,0.062736647,log_density_std,configs/experiments/pf_companion_diagnostic/T1_double_well/pnedb.yaml,,,16,,,,pf_companion_ode_validation
pf_companion_diagnostic,T1_double_well,pnedb,R005,pf_companion_diagnostic__T1_double_well__pnedb__R005,logq_var_std,0.12930722,log_density_std,configs/experiments/pf_companion_diagnostic/T1_double_well/pnedb.yaml,,,2,,,,pf_companion_ode_validation
pf_companion_diagnostic,T1_double_well,pnedb,R005,pf_companion_diagnostic__T1_double_well__pnedb__R005,logq_var_std,0.099617531,log_density_std,configs/experiments/pf_companion_diagnostic/T1_double_well/pnedb.yaml,,,4,,,,pf_companion_ode_validation
pf_companion_diagnostic,T1_double_well,pnedb,R005,pf_companion_diagnostic__T1_double_well__pnedb__R005,logq_var_std,0.06037006,log_density_std,configs/experiments/pf_companion_diagnostic/T1_double_well/pnedb.yaml,,,8,,,,pf_companion_ode_validation
pf_companion_diagnostic,T1_double_well,pnedb,R005,pf_companion_diagnostic__T1_double_well__pnedb__R005,nll_error,0.18887661,nats,configs/experiments/pf_companion_diagnostic/T1_double_well/pnedb.yaml,,,1,,,,pf_companion_ode_validation
pf_companion_diagnostic,T1_double_well,pnedb,R005,pf_companion_diagnostic__T1_double_well__pnedb__R005,nll_error,0.056033272,nats,configs/experiments/pf_companion_diagnostic/T1_double_well/pnedb.yaml,,,16,,,,pf_companion_ode_validation
pf_companion_diagnostic,T1_double_well,pnedb,R005,pf_companion_diagnostic__T1_double_well__pnedb__R005,nll_error,0.14426953,nats,configs/experiments/pf_companion_diagnostic/T1_double_well/pnedb.yaml,,,2,,,,pf_companion_ode_validation
pf_companion_diagnostic,T1_double_well,pnedb,R005,pf_companion_diagnostic__T1_double_well__pnedb__R005,nll_error,0.10234092,nats,configs/experiments/pf_companion_diagnostic/T1_double_well/pnedb.yaml,,,4,,,,pf_companion_ode_validation
pf_companion_diagnostic,T1_double_well,pnedb,R005,pf_companion_diagnostic__T1_double_well__pnedb__R005,nll_error,0.080402327,nats,configs/experiments/pf_companion_diagnostic/T1_double_well/pnedb.yaml,,,8,,,,pf_companion_ode_validation
