audit_id,run_id,tier,task_family,task_id,window_id,window_index,seed,variant,variant_label,direction,condition_A,condition_B,source_sample_object,raw_path_object,raw_endpoint_object,density_endpoint_object,log_density_object,sample_density_pairing,same_endpoint_raw_pf,density_claim_scope,pf_mode,score_source,current_velocity_source,hutchinson_M,hutchinson_probe_dist,solver,solver_rtol,solver_atol,path_K,ode_steps,dt_path,trace_estimator,trace_sign_convention,identity_logq_err,linear_gaussian_logq_err,reverse_df_abs_err,trivial_df_abs_err,hutchinson_logq_var,hutchinson_logq_se,solver_delta_logq,probe_dist_delta_logq,pf_kl_err,pf_nll_err,pf_ess_err,pf_deltaf_err,pf_residual,pf_residual_norm,pf_tolerance,pf_tol_pass,n_samples,ess,ess_n,chi2_est,weight_var,log_weight_mean,log_weight_sd,log_weight_max,log_weight_995,log_tail_metric,overlap_min,overlap_mean,r_highE,energy_distance,mode_coverage,aswap_diag,deltaF_est_kcal_mol,deltaF_ref_kcal_mol,deltaF_abs_err_kcal_mol,deltaF_signed_err_kcal_mol,mbar_bootstrap_se,pf_se,total_se,r_pf_pct,ci_low_kcal_mol,ci_high_kcal_mol,mbar_bootstrap_gate_pass,reference_quality_gate_pass,reference_uncertainty_kcal_mol,pf_gate_pass,ess_gate_pass,logtail_gate_pass,overlap_gate_pass,highE_gate_pass,mbar_gate_pass,reference_gate_pass,overall_pass_fail,gate_failed,downgrade_flag,downgrade_reason,allowed_claim,claim_used_in_main,mbar_bootstrap_gate_count_total,mbar_bootstrap_gate_count_pass
PF_T3_ALANINE_T300_T339_R001_A4,free_energy__alanine_T300_T339__pnedb__R001__default,Tier3,tier3_alanine_temperature,alanine_temperature,T300_T339,0,R001,A4,NoiSDE,A_to_B,T300,T339,pi_A_samples,raw_sde_path,raw_sde_z1,pf_ode_z1,log_q1_pf,paired_z0_z1pf_logq1pf,false,pf_companion_corrected,A,aux_score_network,score_closed_pf,16,gaussian,dopri5,1e-5,1e-6,100,98,0.01,hutchinson,logq_decreases_by_divergence,0.000330,0.004365,0.013001,0.005007,0.068893,0.065619,0.002788,0.001161,NA,NA,NA,NA,0.008932,max_normalised_audit_residual,0.020000,true,1000,478.906,0.478906,1.088090,0.873195,-0.013980,0.784915,5.650393,4.917546,p99.5_minus_median,0.193327,0.246395,0.050720,0.080098,NA,NA,0.050848,0.250597,0.199748,-0.199748,0.057876,0.022219,0.061994,12.845583,-0.070660,0.172357,true,true,0.014235,true,true,true,true,true,true,true,pass,,none,,full_deltaF,true,6,6
PF_T3_ALANINE_T300_T339_R002_A4,free_energy__alanine_T300_T339__pnedb__R002__default,Tier3,tier3_alanine_temperature,alanine_temperature,T300_T339,0,R002,A4,NoiSDE,A_to_B,T300,T339,pi_A_samples,raw_sde_path,raw_sde_z1,pf_ode_z1,log_q1_pf,paired_z0_z1pf_logq1pf,false,pf_companion_corrected,A,aux_score_network,score_closed_pf,16,gaussian,dopri5,1e-5,1e-6,100,108,0.01,hutchinson,logq_decreases_by_divergence,0.000444,0.005693,0.009630,0.003525,0.125297,0.088493,0.001971,0.002714,NA,NA,NA,NA,0.010111,max_normalised_audit_residual,0.020000,true,1000,484.315,0.484315,1.064773,0.922936,0.022101,0.905230,6.274051,5.158193,p99.5_minus_median,0.186285,0.227934,0.059771,0.064541,NA,NA,0.146182,0.253800,0.107618,-0.107618,0.022256,0.008992,0.024004,14.032390,0.099134,0.193230,true,true,0.012447,true,true,true,true,true,true,true,pass,,none,,full_deltaF,true,6,6
PF_T3_ALANINE_T300_T339_R003_A4,free_energy__alanine_T300_T339__pnedb__R003__default,Tier3,tier3_alanine_temperature,alanine_temperature,T300_T339,0,R003,A4,NoiSDE,A_to_B,T300,T339,pi_A_samples,raw_sde_path,raw_sde_z1,pf_ode_z1,log_q1_pf,paired_z0_z1pf_logq1pf,false,pf_companion_corrected,A,aux_score_network,score_closed_pf,16,gaussian,dopri5,1e-5,1e-6,100,94,0.01,hutchinson,logq_decreases_by_divergence,0.000181,0.003654,0.007398,0.006627,0.070768,0.066506,0.000874,0.003564,NA,NA,NA,NA,0.013351,max_normalised_audit_residual,0.020000,true,1000,462.037,0.462037,1.164328,0.612596,-0.029630,0.894857,5.416768,4.715633,p99.5_minus_median,0.156181,0.213275,0.054463,0.091737,NA,NA,0.013635,0.244609,0.230974,-0.230974,0.074548,0.031949,0.081106,15.517023,-0.145333,0.172602,true,true,0.018000,true,true,true,true,true,true,true,pass,,none,,full_deltaF,true,6,6
PF_T3_ALANINE_T300_T339_R004_A4,free_energy__alanine_T300_T339__pnedb__R004__default,Tier3,tier3_alanine_temperature,alanine_temperature,T300_T339,0,R004,A4,NoiSDE,A_to_B,T300,T339,pi_A_samples,raw_sde_path,raw_sde_z1,pf_ode_z1,log_q1_pf,paired_z0_z1pf_logq1pf,false,pf_companion_corrected,A,aux_score_network,score_closed_pf,16,gaussian,dopri5,1e-5,1e-6,100,108,0.01,hutchinson,logq_decreases_by_divergence,0.000403,0.002635,0.010961,0.002006,0.126647,0.088969,0.005742,0.003186,NA,NA,NA,NA,0.010435,max_normalised_audit_residual,0.020000,true,1000,509.640,0.509640,0.962168,0.653234,0.049739,0.776191,5.889396,5.161696,p99.5_minus_median,0.199494,0.250129,0.046934,0.064088,NA,NA,0.363958,0.234222,0.129736,0.129736,0.050506,0.012460,0.052021,5.737443,0.261998,0.465918,true,true,0.014259,true,true,true,true,true,true,true,pass,,none,,full_deltaF,true,6,6
PF_T3_ALANINE_T300_T339_R005_A4,free_energy__alanine_T300_T339__pnedb__R005__default,Tier3,tier3_alanine_temperature,alanine_temperature,T300_T339,0,R005,A4,NoiSDE,A_to_B,T300,T339,pi_A_samples,raw_sde_path,raw_sde_z1,pf_ode_z1,log_q1_pf,paired_z0_z1pf_logq1pf,false,pf_companion_corrected,A,aux_score_network,score_closed_pf,16,gaussian,dopri5,1e-5,1e-6,100,99,0.01,hutchinson,logq_decreases_by_divergence,0.000223,0.004386,0.009705,0.005134,0.025000,0.039528,0.003580,0.001387,NA,NA,NA,NA,0.011919,max_normalised_audit_residual,0.020000,true,1000,489.434,0.489434,1.043175,0.764079,0.025483,0.816171,5.976681,4.932271,p99.5_minus_median,0.176442,0.227224,0.060800,0.086853,NA,NA,0.036265,0.255181,0.218916,-0.218916,0.045768,0.017014,0.048828,12.141444,-0.059438,0.131967,true,true,0.017426,true,true,true,true,true,true,true,pass,,none,,full_deltaF,true,6,6
PF_T3_ALANINE_T339_T382_R001_A4,free_energy__alanine_T339_T382__pnedb__R001__default,Tier3,tier3_alanine_temperature,alanine_temperature,T339_T382,1,R001,A4,NoiSDE,A_to_B,T339,T382,pi_A_samples,raw_sde_path,raw_sde_z1,pf_ode_z1,log_q1_pf,paired_z0_z1pf_logq1pf,false,pf_companion_corrected,A,aux_score_network,score_closed_pf,16,gaussian,dopri5,1e-5,1e-6,100,97,0.01,hutchinson,logq_decreases_by_divergence,0.000374,0.004209,0.006898,0.006535,0.115215,0.084858,0.003354,0.002101,NA,NA,NA,NA,0.013965,max_normalised_audit_residual,0.020000,true,1000,474.105,0.474105,1.109237,0.837632,0.025183,0.903378,5.078279,4.364643,p99.5_minus_median,0.171685,0.222539,0.058642,0.064943,NA,NA,0.611294,0.458839,0.152455,0.152455,0.029573,0.011304,0.031660,12.748973,0.549242,0.673347,true,true,0.015107,true,true,true,true,true,true,true,pass,,none,,full_deltaF,true,6,6
PF_T3_ALANINE_T339_T382_R002_A4,free_energy__alanine_T339_T382__pnedb__R002__default,Tier3,tier3_alanine_temperature,alanine_temperature,T339_T382,1,R002,A4,NoiSDE,A_to_B,T339,T382,pi_A_samples,raw_sde_path,raw_sde_z1,pf_ode_z1,log_q1_pf,paired_z0_z1pf_logq1pf,false,pf_companion_corrected,A,aux_score_network,score_closed_pf,16,gaussian,dopri5,1e-5,1e-6,100,95,0.01,hutchinson,logq_decreases_by_divergence,0.000244,0.002797,0.009165,0.003292,0.099817,0.078985,0.002977,0.002144,NA,NA,NA,NA,0.007044,max_normalised_audit_residual,0.020000,true,1000,479.974,0.479974,1.083445,0.778585,0.017259,0.788697,5.758516,5.103419,p99.5_minus_median,0.171509,0.215804,0.053857,0.067924,NA,NA,0.556165,0.462476,0.093690,0.093690,0.016958,0.008575,0.019003,20.362287,0.518919,0.593412,true,true,0.013341,true,true,true,true,true,true,true,pass,,none,,full_deltaF,true,6,6
PF_T3_ALANINE_T339_T382_R003_A4,free_energy__alanine_T339_T382__pnedb__R003__default,Tier3,tier3_alanine_temperature,alanine_temperature,T339_T382,1,R003,A4,NoiSDE,A_to_B,T339,T382,pi_A_samples,raw_sde_path,raw_sde_z1,pf_ode_z1,log_q1_pf,paired_z0_z1pf_logq1pf,false,pf_companion_corrected,A,aux_score_network,score_closed_pf,16,gaussian,dopri5,1e-5,1e-6,100,94,0.01,hutchinson,logq_decreases_by_divergence,0.000473,0.002926,0.012046,0.007540,0.151691,0.097369,0.002793,0.001911,NA,NA,NA,NA,0.014160,max_normalised_audit_residual,0.020000,true,1000,531.285,0.531285,0.882230,0.674974,-0.021039,0.873897,5.541174,4.910647,p99.5_minus_median,0.185655,0.227846,0.047544,0.068142,NA,NA,0.599536,0.460541,0.138995,0.138995,0.032119,0.013499,0.034841,15.012425,0.531248,0.667824,true,true,0.014082,true,true,true,true,true,true,true,pass,,none,,full_deltaF,true,6,6
PF_T3_ALANINE_T339_T382_R004_A4,free_energy__alanine_T339_T382__pnedb__R004__default,Tier3,tier3_alanine_temperature,alanine_temperature,T339_T382,1,R004,A4,NoiSDE,A_to_B,T339,T382,pi_A_samples,raw_sde_path,raw_sde_z1,pf_ode_z1,log_q1_pf,paired_z0_z1pf_logq1pf,false,pf_companion_corrected,A,aux_score_network,score_closed_pf,16,gaussian,dopri5,1e-5,1e-6,100,109,0.01,hutchinson,logq_decreases_by_divergence,0.000392,0.002958,0.008765,0.005912,0.111407,0.083444,0.003383,0.001959,NA,NA,NA,NA,0.012260,max_normalised_audit_residual,0.020000,true,1000,490.543,0.490543,1.038557,0.658511,0.001546,0.809392,5.608745,4.727822,p99.5_minus_median,0.142148,0.196076,0.052406,0.066012,NA,NA,0.363093,0.455392,0.092299,-0.092299,0.036127,0.017280,0.040047,18.618150,0.284601,0.441585,true,true,0.012971,true,true,true,true,true,true,true,pass,,none,,full_deltaF,true,6,6
PF_T3_ALANINE_T339_T382_R005_A4,free_energy__alanine_T339_T382__pnedb__R005__default,Tier3,tier3_alanine_temperature,alanine_temperature,T339_T382,1,R005,A4,NoiSDE,A_to_B,T339,T382,pi_A_samples,raw_sde_path,raw_sde_z1,pf_ode_z1,log_q1_pf,paired_z0_z1pf_logq1pf,false,pf_companion_corrected,A,aux_score_network,score_closed_pf,16,gaussian,dopri5,1e-5,1e-6,100,101,0.01,hutchinson,logq_decreases_by_divergence,0.000435,0.005534,0.012441,0.006271,0.121089,0.086994,0.004245,0.003085,NA,NA,NA,NA,0.011984,max_normalised_audit_residual,0.020000,true,1000,463.776,0.463776,1.156213,0.702402,0.004679,0.880277,4.815728,4.281678,p99.5_minus_median,0.171887,0.214424,0.049601,0.059659,NA,NA,0.565001,0.454286,0.110714,0.110714,0.041287,0.016591,0.044496,13.903780,0.477789,0.652212,true,true,0.014199,true,true,true,true,true,true,true,pass,,none,,full_deltaF,true,6,6
PF_T3_ALANINE_T382_T432_R001_A4,free_energy__alanine_T382_T432__pnedb__R001__default,Tier3,tier3_alanine_temperature,alanine_temperature,T382_T432,2,R001,A4,NoiSDE,A_to_B,T382,T432,pi_A_samples,raw_sde_path,raw_sde_z1,pf_ode_z1,log_q1_pf,paired_z0_z1pf_logq1pf,false,pf_companion_corrected,A,aux_score_network,score_closed_pf,16,gaussian,dopri5,1e-5,1e-6,100,103,0.01,hutchinson,logq_decreases_by_divergence,0.000261,0.003683,0.010702,0.007304,0.096219,0.077548,0.003365,0.005724,NA,NA,NA,NA,0.013897,max_normalised_audit_residual,0.020000,true,1000,525.089,0.525089,0.904439,0.641310,0.035025,0.823033,6.080894,5.185877,p99.5_minus_median,0.197482,0.249855,0.049214,0.068266,NA,NA,0.470797,0.638226,0.167428,-0.167428,0.033694,0.011134,0.035486,9.843751,0.401245,0.540350,true,true,0.012824,true,true,true,true,true,true,true,pass,,none,,full_deltaF,true,6,6
PF_T3_ALANINE_T382_T432_R002_A4,free_energy__alanine_T382_T432__pnedb__R002__default,Tier3,tier3_alanine_temperature,alanine_temperature,T382_T432,2,R002,A4,NoiSDE,A_to_B,T382,T432,pi_A_samples,raw_sde_path,raw_sde_z1,pf_ode_z1,log_q1_pf,paired_z0_z1pf_logq1pf,false,pf_companion_corrected,A,aux_score_network,score_closed_pf,16,gaussian,dopri5,1e-5,1e-6,100,99,0.01,hutchinson,logq_decreases_by_divergence,0.000353,0.003287,0.005505,0.001722,0.131581,0.090685,0.002915,0.002328,NA,NA,NA,NA,0.006142,max_normalised_audit_residual,0.020000,true,1000,532.704,0.532704,0.877216,0.531439,-0.046694,0.869690,6.228446,5.084759,p99.5_minus_median,0.180633,0.222995,0.043285,0.067796,NA,NA,0.499154,0.635106,0.135952,-0.135952,0.044778,0.024363,0.050977,22.841274,0.399239,0.599070,true,true,0.016264,true,true,true,true,true,true,true,pass,,none,,full_deltaF,true,6,6
PF_T3_ALANINE_T382_T432_R003_A4,free_energy__alanine_T382_T432__pnedb__R003__default,Tier3,tier3_alanine_temperature,alanine_temperature,T382_T432,2,R003,A4,NoiSDE,A_to_B,T382,T432,pi_A_samples,raw_sde_path,raw_sde_z1,pf_ode_z1,log_q1_pf,paired_z0_z1pf_logq1pf,false,pf_companion_corrected,A,aux_score_network,score_closed_pf,16,gaussian,dopri5,1e-5,1e-6,100,110,0.01,hutchinson,logq_decreases_by_divergence,0.000445,0.004131,0.009833,0.005215,0.104580,0.080847,0.003774,0.000529,NA,NA,NA,NA,0.009984,max_normalised_audit_residual,0.020000,true,1000,488.180,0.488180,1.048425,0.757132,-0.002237,0.868424,5.573415,4.673816,p99.5_minus_median,0.154647,0.208052,0.048644,0.081147,NA,NA,0.514928,0.643675,0.128747,-0.128747,0.034958,0.011564,0.036821,9.864136,0.442758,0.587097,true,true,0.013557,true,true,true,true,true,true,true,pass,,none,,full_deltaF,true,6,6
PF_T3_ALANINE_T382_T432_R004_A4,free_energy__alanine_T382_T432__pnedb__R004__default,Tier3,tier3_alanine_temperature,alanine_temperature,T382_T432,2,R004,A4,NoiSDE,A_to_B,T382,T432,pi_A_samples,raw_sde_path,raw_sde_z1,pf_ode_z1,log_q1_pf,paired_z0_z1pf_logq1pf,false,pf_companion_corrected,A,aux_score_network,score_closed_pf,16,gaussian,dopri5,1e-5,1e-6,100,98,0.01,hutchinson,logq_decreases_by_divergence,0.000307,0.005002,0.008389,0.007091,0.081176,0.071229,0.002034,0.004082,NA,NA,NA,NA,0.014980,max_normalised_audit_residual,0.020000,true,1000,472.314,0.472314,1.117237,0.633318,-0.007878,0.861891,5.010720,4.318589,p99.5_minus_median,0.156722,0.198814,0.059924,0.072056,NA,NA,0.788219,0.634128,0.154091,0.154091,0.051709,0.020922,0.055781,14.068089,0.678887,0.897550,true,true,0.013849,true,true,true,true,true,true,true,pass,,none,,full_deltaF,true,6,6
PF_T3_ALANINE_T382_T432_R005_A4,free_energy__alanine_T382_T432__pnedb__R005__default,Tier3,tier3_alanine_temperature,alanine_temperature,T382_T432,2,R005,A4,NoiSDE,A_to_B,T382,T432,pi_A_samples,raw_sde_path,raw_sde_z1,pf_ode_z1,log_q1_pf,paired_z0_z1pf_logq1pf,false,pf_companion_corrected,A,aux_score_network,score_closed_pf,16,gaussian,dopri5,1e-5,1e-6,100,104,0.01,hutchinson,logq_decreases_by_divergence,0.000155,0.002774,0.003255,0.008936,0.120680,0.086848,0.004500,0.000503,NA,NA,NA,NA,0.016224,max_normalised_audit_residual,0.020000,true,1000,434.977,0.434977,1.298973,1.017282,0.033634,0.895796,6.086876,5.200423,p99.5_minus_median,0.183883,0.245535,0.055097,0.077279,NA,NA,0.473625,0.638838,0.165213,-0.165213,0.028722,0.012896,0.031484,16.776495,0.411916,0.535334,true,true,0.015271,true,true,true,true,true,true,true,pass,,none,,full_deltaF,true,6,6
PF_T3_ALANINE_T432_T488_R001_A4,free_energy__alanine_T432_T488__pnedb__R001__default,Tier3,tier3_alanine_temperature,alanine_temperature,T432_T488,3,R001,A4,NoiSDE,A_to_B,T432,T488,pi_A_samples,raw_sde_path,raw_sde_z1,pf_ode_z1,log_q1_pf,paired_z0_z1pf_logq1pf,false,pf_companion_corrected,A,aux_score_network,score_closed_pf,16,gaussian,dopri5,1e-5,1e-6,100,106,0.01,hutchinson,logq_decreases_by_divergence,0.000324,0.003638,0.010453,0.009984,0.112156,0.083724,0.000954,0.002249,NA,NA,NA,NA,0.017148,max_normalised_audit_residual,0.020000,true,1000,458.684,0.458684,1.180152,0.703551,0.025908,0.894078,4.848846,4.206787,p99.5_minus_median,0.198673,0.245208,0.055691,0.084864,NA,NA,0.974832,0.796700,0.178132,0.178132,0.050784,0.017470,0.053705,10.581975,0.869570,1.080095,true,true,0.015325,true,true,true,true,true,true,true,pass,,none,,full_deltaF,true,6,6
PF_T3_ALANINE_T432_T488_R002_A4,free_energy__alanine_T432_T488__pnedb__R002__default,Tier3,tier3_alanine_temperature,alanine_temperature,T432_T488,3,R002,A4,NoiSDE,A_to_B,T432,T488,pi_A_samples,raw_sde_path,raw_sde_z1,pf_ode_z1,log_q1_pf,paired_z0_z1pf_logq1pf,false,pf_companion_corrected,A,aux_score_network,score_closed_pf,16,gaussian,dopri5,1e-5,1e-6,100,109,0.01,hutchinson,logq_decreases_by_divergence,0.000433,0.003993,0.010653,0.007322,0.114970,0.084768,0.003904,0.001899,NA,NA,NA,NA,0.014816,max_normalised_audit_residual,0.020000,true,1000,475.001,0.475001,1.105258,0.720980,0.044091,0.838285,5.369707,4.398067,p99.5_minus_median,0.201677,0.251696,0.053875,0.076054,NA,NA,0.647879,0.791659,0.143779,-0.143779,0.041436,0.020629,0.046287,19.862509,0.557156,0.738603,true,true,0.015189,true,true,true,true,true,true,true,pass,,none,,full_deltaF,true,6,6
PF_T3_ALANINE_T432_T488_R003_A4,free_energy__alanine_T432_T488__pnedb__R003__default,Tier3,tier3_alanine_temperature,alanine_temperature,T432_T488,3,R003,A4,NoiSDE,A_to_B,T432,T488,pi_A_samples,raw_sde_path,raw_sde_z1,pf_ode_z1,log_q1_pf,paired_z0_z1pf_logq1pf,false,pf_companion_corrected,A,aux_score_network,score_closed_pf,16,gaussian,dopri5,1e-5,1e-6,100,100,0.01,hutchinson,logq_decreases_by_divergence,0.000395,0.005501,0.014028,0.005417,0.081613,0.071420,0.004833,0.002999,NA,NA,NA,NA,0.010923,max_normalised_audit_residual,0.020000,true,1000,453.522,0.453522,1.204965,0.696689,0.047115,0.852860,4.940906,4.465612,p99.5_minus_median,0.191420,0.248009,0.062106,0.085890,NA,NA,0.956889,0.799982,0.156907,0.156907,0.043932,0.018774,0.047775,15.441966,0.863250,1.050528,true,true,0.012375,true,true,true,true,true,true,true,pass,,none,,full_deltaF,true,6,6
PF_T3_ALANINE_T432_T488_R004_A4,free_energy__alanine_T432_T488__pnedb__R004__default,Tier3,tier3_alanine_temperature,alanine_temperature,T432_T488,3,R004,A4,NoiSDE,A_to_B,T432,T488,pi_A_samples,raw_sde_path,raw_sde_z1,pf_ode_z1,log_q1_pf,paired_z0_z1pf_logq1pf,false,pf_companion_corrected,A,aux_score_network,score_closed_pf,16,gaussian,dopri5,1e-5,1e-6,100,97,0.01,hutchinson,logq_decreases_by_divergence,0.000424,0.004815,0.007664,0.006176,0.087611,0.073998,0.003602,0.003784,NA,NA,NA,NA,0.011808,max_normalised_audit_residual,0.020000,true,1000,552.078,0.552078,0.811340,0.588299,0.041601,0.883991,5.638634,4.658800,p99.5_minus_median,0.205488,0.251569,0.042621,0.065865,NA,NA,0.951094,0.791239,0.159855,0.159855,0.040661,0.017422,0.044236,15.510791,0.864392,1.037796,true,true,0.015826,true,true,true,true,true,true,true,pass,,none,,full_deltaF,true,6,6
PF_T3_ALANINE_T432_T488_R005_A4,free_energy__alanine_T432_T488__pnedb__R005__default,Tier3,tier3_alanine_temperature,alanine_temperature,T432_T488,3,R005,A4,NoiSDE,A_to_B,T432,T488,pi_A_samples,raw_sde_path,raw_sde_z1,pf_ode_z1,log_q1_pf,paired_z0_z1pf_logq1pf,false,pf_companion_corrected,A,aux_score_network,score_closed_pf,16,gaussian,dopri5,1e-5,1e-6,100,106,0.01,hutchinson,logq_decreases_by_divergence,0.000416,0.005433,0.009736,0.003689,0.158337,0.099479,0.003452,0.002833,NA,NA,NA,NA,0.012264,max_normalised_audit_residual,0.020000,true,1000,543.455,0.543455,0.840077,0.641595,-0.038205,0.872216,5.476017,4.473050,p99.5_minus_median,0.201561,0.262786,0.048306,0.074228,NA,NA,0.665571,0.786986,0.121415,-0.121415,0.024011,0.011396,0.026578,18.383127,0.613477,0.717664,true,true,0.011668,true,true,true,true,true,true,true,pass,,none,,full_deltaF,true,6,6
PF_T3_ALANINE_T488_T550_R001_A4,free_energy__alanine_T488_T550__pnedb__R001__default,Tier3,tier3_alanine_temperature,alanine_temperature,T488_T550,4,R001,A4,NoiSDE,A_to_B,T488,T550,pi_A_samples,raw_sde_path,raw_sde_z1,pf_ode_z1,log_q1_pf,paired_z0_z1pf_logq1pf,false,pf_companion_corrected,A,aux_score_network,score_closed_pf,16,gaussian,dopri5,1e-5,1e-6,100,99,0.01,hutchinson,logq_decreases_by_divergence,0.000348,0.004427,0.011603,0.005440,0.045367,0.053249,0.000780,0.003196,NA,NA,NA,NA,0.010233,max_normalised_audit_residual,0.020000,true,1000,427.959,0.427959,1.336673,0.755761,0.025541,0.862446,5.716087,5.244432,p99.5_minus_median,0.187764,0.239135,0.061229,0.079760,NA,NA,1.140755,0.957615,0.183140,0.183140,0.045606,0.020673,0.050072,17.045392,1.042613,1.238897,true,true,0.013646,true,true,true,true,true,true,true,pass,,none,,full_deltaF,true,6,6
PF_T3_ALANINE_T488_T550_R002_A4,free_energy__alanine_T488_T550__pnedb__R002__default,Tier3,tier3_alanine_temperature,alanine_temperature,T488_T550,4,R002,A4,NoiSDE,A_to_B,T488,T550,pi_A_samples,raw_sde_path,raw_sde_z1,pf_ode_z1,log_q1_pf,paired_z0_z1pf_logq1pf,false,pf_companion_corrected,A,aux_score_network,score_closed_pf,16,gaussian,dopri5,1e-5,1e-6,100,97,0.01,hutchinson,logq_decreases_by_divergence,0.000444,0.003683,0.012860,0.002948,0.085205,0.072975,0.004488,0.002215,NA,NA,NA,NA,0.009169,max_normalised_audit_residual,0.020000,true,1000,492.084,0.492084,1.032175,0.943880,-0.019463,0.904370,5.505752,4.610869,p99.5_minus_median,0.193930,0.238538,0.050031,0.082049,NA,NA,0.817272,0.959292,0.142020,-0.142020,0.042868,0.013700,0.045004,9.267211,0.729064,0.905480,true,true,0.016326,true,true,true,true,true,true,true,pass,,none,,full_deltaF,true,6,6
PF_T3_ALANINE_T488_T550_R003_A4,free_energy__alanine_T488_T550__pnedb__R003__default,Tier3,tier3_alanine_temperature,alanine_temperature,T488_T550,4,R003,A4,NoiSDE,A_to_B,T488,T550,pi_A_samples,raw_sde_path,raw_sde_z1,pf_ode_z1,log_q1_pf,paired_z0_z1pf_logq1pf,false,pf_companion_corrected,A,aux_score_network,score_closed_pf,16,gaussian,dopri5,1e-5,1e-6,100,101,0.01,hutchinson,logq_decreases_by_divergence,0.000347,0.004946,0.011936,0.005546,0.089962,0.074984,0.004058,0.000838,NA,NA,NA,NA,0.011577,max_normalised_audit_residual,0.020000,true,1000,465.008,0.465008,1.150500,0.755814,-0.031832,0.829713,5.182831,4.627494,p99.5_minus_median,0.170341,0.232918,0.048160,0.067489,NA,NA,0.831569,0.955410,0.123841,-0.123841,0.027446,0.009941,0.029191,11.597657,0.774355,0.888783,true,true,0.016045,true,true,true,true,true,true,true,pass,,none,,full_deltaF,true,6,6
PF_T3_ALANINE_T488_T550_R004_A4,free_energy__alanine_T488_T550__pnedb__R004__default,Tier3,tier3_alanine_temperature,alanine_temperature,T488_T550,4,R004,A4,NoiSDE,A_to_B,T488,T550,pi_A_samples,raw_sde_path,raw_sde_z1,pf_ode_z1,log_q1_pf,paired_z0_z1pf_logq1pf,false,pf_companion_corrected,A,aux_score_network,score_closed_pf,16,gaussian,dopri5,1e-5,1e-6,100,98,0.01,hutchinson,logq_decreases_by_divergence,0.000424,0.005301,0.011136,0.007225,0.104851,0.080952,0.002687,0.004322,NA,NA,NA,NA,0.014739,max_normalised_audit_residual,0.020000,true,1000,503.148,0.503148,0.987486,0.765786,0.048201,0.822385,5.664800,4.828507,p99.5_minus_median,0.181065,0.229803,0.055040,0.073493,NA,NA,0.732326,0.942359,0.210032,-0.210032,0.054025,0.028702,0.061176,22.011732,0.612422,0.852231,true,true,0.018000,true,true,true,true,true,true,true,pass,,none,,full_deltaF,true,6,6
PF_T3_ALANINE_T488_T550_R005_A4,free_energy__alanine_T488_T550__pnedb__R005__default,Tier3,tier3_alanine_temperature,alanine_temperature,T488_T550,4,R005,A4,NoiSDE,A_to_B,T488,T550,pi_A_samples,raw_sde_path,raw_sde_z1,pf_ode_z1,log_q1_pf,paired_z0_z1pf_logq1pf,false,pf_companion_corrected,A,aux_score_network,score_closed_pf,16,gaussian,dopri5,1e-5,1e-6,100,93,0.01,hutchinson,logq_decreases_by_divergence,0.000440,0.004509,0.008495,0.005381,0.143675,0.094761,0.003725,0.002079,NA,NA,NA,NA,0.009427,max_normalised_audit_residual,0.020000,true,1000,463.519,0.463519,1.157407,0.787440,-0.026334,0.915202,5.305368,4.645081,p99.5_minus_median,0.192315,0.251534,0.046766,0.076345,NA,NA,0.865891,0.948561,0.082669,-0.082669,0.018930,0.007388,0.020321,13.219152,0.826062,0.905721,true,true,0.010147,true,true,true,true,true,true,true,pass,,none,,full_deltaF,true,6,6
PF_T3_LJ_LAMBDA_00_01_R001_A4,free_energy__lj_lambda_00_01__pnedb__R001__default,Tier3,tier3_lj_lambda,lj_lambda,lambda_00_01,0,R001,A4,NoiSDE,A_to_B,lambda00,lambda01,pi_A_samples,raw_sde_path,raw_sde_z1,pf_ode_z1,log_q1_pf,paired_z0_z1pf_logq1pf,false,pf_companion_corrected,A,aux_score_network,score_closed_pf,16,gaussian,dopri5,1e-5,1e-6,100,111,0.01,hutchinson,logq_decreases_by_divergence,0.000141,0.004711,0.011003,0.004407,0.130865,0.090438,0.000892,0.001858,NA,NA,NA,NA,0.009002,max_normalised_audit_residual,0.020000,true,1000,480.226,0.480226,1.082354,0.714671,0.020741,0.895312,5.580143,4.774715,p99.5_minus_median,0.157600,0.198738,0.046134,0.093622,NA,NA,0.411054,0.186023,0.225031,0.225031,0.044744,0.023124,0.050366,21.079067,0.312337,0.509771,true,true,0.018000,true,true,true,true,true,true,true,pass,,none,,full_deltaF,true,6,6
PF_T3_LJ_LAMBDA_00_01_R002_A4,free_energy__lj_lambda_00_01__pnedb__R002__default,Tier3,tier3_lj_lambda,lj_lambda,lambda_00_01,0,R002,A4,NoiSDE,A_to_B,lambda00,lambda01,pi_A_samples,raw_sde_path,raw_sde_z1,pf_ode_z1,log_q1_pf,paired_z0_z1pf_logq1pf,false,pf_companion_corrected,A,aux_score_network,score_closed_pf,16,gaussian,dopri5,1e-5,1e-6,100,111,0.01,hutchinson,logq_decreases_by_divergence,0.000325,0.002222,0.008868,0.005918,0.077862,0.069759,0.004066,0.003308,NA,NA,NA,NA,0.013009,max_normalised_audit_residual,0.020000,true,1000,425.020,0.425020,1.352829,0.833764,-0.024531,0.904547,5.810118,5.119126,p99.5_minus_median,0.175414,0.233106,0.055907,0.087060,NA,NA,0.384118,0.189661,0.194457,0.194457,0.063171,0.027733,0.068990,16.159377,0.248897,0.519340,true,true,0.017183,true,true,true,true,true,true,true,pass,,none,,full_deltaF,true,6,6
PF_T3_LJ_LAMBDA_00_01_R003_A4,free_energy__lj_lambda_00_01__pnedb__R003__default,Tier3,tier3_lj_lambda,lj_lambda,lambda_00_01,0,R003,A4,NoiSDE,A_to_B,lambda00,lambda01,pi_A_samples,raw_sde_path,raw_sde_z1,pf_ode_z1,log_q1_pf,paired_z0_z1pf_logq1pf,false,pf_companion_corrected,A,aux_score_network,score_closed_pf,16,gaussian,dopri5,1e-5,1e-6,100,107,0.01,hutchinson,logq_decreases_by_divergence,0.000365,0.004199,0.006736,0.005622,0.057993,0.060204,0.002486,0.001238,NA,NA,NA,NA,0.010210,max_normalised_audit_residual,0.020000,true,1000,444.946,0.444946,1.247463,0.825302,0.006301,0.811215,6.347309,5.819288,p99.5_minus_median,0.159906,0.215158,0.046359,0.071828,NA,NA,0.013586,0.195235,0.181649,-0.181649,0.039658,0.018132,0.043606,17.289409,-0.071882,0.099054,true,true,0.017010,true,true,true,true,true,true,true,pass,,none,,full_deltaF,true,6,6
PF_T3_LJ_LAMBDA_00_01_R004_A4,free_energy__lj_lambda_00_01__pnedb__R004__default,Tier3,tier3_lj_lambda,lj_lambda,lambda_00_01,0,R004,A4,NoiSDE,A_to_B,lambda00,lambda01,pi_A_samples,raw_sde_path,raw_sde_z1,pf_ode_z1,log_q1_pf,paired_z0_z1pf_logq1pf,false,pf_companion_corrected,A,aux_score_network,score_closed_pf,16,gaussian,dopri5,1e-5,1e-6,100,99,0.01,hutchinson,logq_decreases_by_divergence,0.000331,0.003800,0.005947,0.005545,0.086158,0.073382,0.000747,0.004751,NA,NA,NA,NA,0.011330,max_normalised_audit_residual,0.020000,true,1000,435.272,0.435272,1.297415,0.667910,0.035246,0.851167,5.642136,5.182613,p99.5_minus_median,0.173417,0.232031,0.048808,0.063142,NA,NA,0.315265,0.194268,0.120997,0.120997,0.036837,0.017435,0.040754,18.301500,0.235387,0.395143,true,true,0.010489,true,true,true,true,true,true,true,pass,,none,,full_deltaF,true,6,6
PF_T3_LJ_LAMBDA_00_01_R005_A4,free_energy__lj_lambda_00_01__pnedb__R005__default,Tier3,tier3_lj_lambda,lj_lambda,lambda_00_01,0,R005,A4,NoiSDE,A_to_B,lambda00,lambda01,pi_A_samples,raw_sde_path,raw_sde_z1,pf_ode_z1,log_q1_pf,paired_z0_z1pf_logq1pf,false,pf_companion_corrected,A,aux_score_network,score_closed_pf,16,gaussian,dopri5,1e-5,1e-6,100,106,0.01,hutchinson,logq_decreases_by_divergence,0.000424,0.002740,0.015467,0.004184,0.105482,0.081195,0.002598,0.002993,NA,NA,NA,NA,0.009938,max_normalised_audit_residual,0.020000,true,1000,450.191,0.450191,1.221280,0.799084,0.001895,0.858782,6.121755,5.637039,p99.5_minus_median,0.142615,0.200962,0.053912,0.091801,NA,NA,-0.022675,0.185777,0.208452,-0.208452,0.049447,0.023074,0.054565,17.881535,-0.129624,0.084273,true,true,0.017168,true,true,true,true,true,true,true,pass,,none,,full_deltaF,true,6,6
PF_T3_LJ_LAMBDA_01_02_R001_A4,free_energy__lj_lambda_01_02__pnedb__R001__default,Tier3,tier3_lj_lambda,lj_lambda,lambda_01_02,1,R001,A4,NoiSDE,A_to_B,lambda01,lambda02,pi_A_samples,raw_sde_path,raw_sde_z1,pf_ode_z1,log_q1_pf,paired_z0_z1pf_logq1pf,false,pf_companion_corrected,A,aux_score_network,score_closed_pf,16,gaussian,dopri5,1e-5,1e-6,100,98,0.01,hutchinson,logq_decreases_by_divergence,0.000176,0.003442,0.007049,0.003242,0.060479,0.061481,0.004156,0.002441,NA,NA,NA,NA,0.008132,max_normalised_audit_residual,0.020000,true,1000,472.889,0.472889,1.114661,0.737490,0.018790,0.811660,5.153042,4.618790,p99.5_minus_median,0.191747,0.245964,0.057112,0.077293,NA,NA,0.057501,0.195184,0.137682,-0.137682,0.039482,0.012432,0.041393,9.020023,-0.023629,0.138631,true,true,0.014614,true,true,true,true,true,true,true,pass,,none,,full_deltaF,true,6,6
PF_T3_LJ_LAMBDA_01_02_R002_A4,free_energy__lj_lambda_01_02__pnedb__R002__default,Tier3,tier3_lj_lambda,lj_lambda,lambda_01_02,1,R002,A4,NoiSDE,A_to_B,lambda01,lambda02,pi_A_samples,raw_sde_path,raw_sde_z1,pf_ode_z1,log_q1_pf,paired_z0_z1pf_logq1pf,false,pf_companion_corrected,A,aux_score_network,score_closed_pf,16,gaussian,dopri5,1e-5,1e-6,100,98,0.01,hutchinson,logq_decreases_by_divergence,0.000082,0.004140,0.007618,0.004498,0.059875,0.061174,0.003840,0.003670,NA,NA,NA,NA,0.010059,max_normalised_audit_residual,0.020000,true,1000,502.518,0.502518,0.989980,0.666464,-0.005198,0.836034,5.381476,4.740904,p99.5_minus_median,0.197841,0.241534,0.044180,0.072649,NA,NA,0.355649,0.207187,0.148461,0.148461,0.055229,0.022797,0.059749,14.557488,0.238541,0.472757,true,true,0.017220,true,true,true,true,true,true,true,pass,,none,,full_deltaF,true,6,6
PF_T3_LJ_LAMBDA_01_02_R003_A4,free_energy__lj_lambda_01_02__pnedb__R003__default,Tier3,tier3_lj_lambda,lj_lambda,lambda_01_02,1,R003,A4,NoiSDE,A_to_B,lambda01,lambda02,pi_A_samples,raw_sde_path,raw_sde_z1,pf_ode_z1,log_q1_pf,paired_z0_z1pf_logq1pf,false,pf_companion_corrected,A,aux_score_network,score_closed_pf,16,gaussian,dopri5,1e-5,1e-6,100,110,0.01,hutchinson,logq_decreases_by_divergence,0.000724,0.004823,0.007834,0.002236,0.111640,0.083531,0.002404,0.002650,NA,NA,NA,NA,0.009410,max_normalised_audit_residual,0.020000,true,1000,492.338,0.492338,1.031127,0.699011,-0.035742,0.832871,5.819061,4.844303,p99.5_minus_median,0.208004,0.268646,0.058322,0.082174,NA,NA,0.340921,0.200604,0.140317,0.140317,0.046628,0.018862,0.050299,14.063162,0.242335,0.439507,true,true,0.014242,true,true,true,true,true,true,true,pass,,none,,full_deltaF,true,6,6
PF_T3_LJ_LAMBDA_01_02_R004_A4,free_energy__lj_lambda_01_02__pnedb__R004__default,Tier3,tier3_lj_lambda,lj_lambda,lambda_01_02,1,R004,A4,NoiSDE,A_to_B,lambda01,lambda02,pi_A_samples,raw_sde_path,raw_sde_z1,pf_ode_z1,log_q1_pf,paired_z0_z1pf_logq1pf,false,pf_companion_corrected,A,aux_score_network,score_closed_pf,16,gaussian,dopri5,1e-5,1e-6,100,111,0.01,hutchinson,logq_decreases_by_divergence,0.000351,0.001995,0.007850,0.006415,0.105343,0.081141,0.002771,0.003552,NA,NA,NA,NA,0.012235,max_normalised_audit_residual,0.020000,true,1000,467.203,0.467203,1.140396,0.636225,0.026783,0.851222,5.196549,4.444161,p99.5_minus_median,0.188526,0.231143,0.057370,0.074662,NA,NA,0.311394,0.206881,0.104513,0.104513,0.034714,0.013969,0.037419,13.936288,0.238053,0.384735,true,true,0.011702,true,true,true,true,true,true,true,pass,,none,,full_deltaF,true,6,6
PF_T3_LJ_LAMBDA_01_02_R005_A4,free_energy__lj_lambda_01_02__pnedb__R005__default,Tier3,tier3_lj_lambda,lj_lambda,lambda_01_02,1,R005,A4,NoiSDE,A_to_B,lambda01,lambda02,pi_A_samples,raw_sde_path,raw_sde_z1,pf_ode_z1,log_q1_pf,paired_z0_z1pf_logq1pf,false,pf_companion_corrected,A,aux_score_network,score_closed_pf,16,gaussian,dopri5,1e-5,1e-6,100,110,0.01,hutchinson,logq_decreases_by_divergence,0.000322,0.003296,0.007370,0.005253,0.073659,0.067850,0.002256,0.003212,NA,NA,NA,NA,0.010655,max_normalised_audit_residual,0.020000,true,1000,473.874,0.473874,1.110265,0.750560,-0.005768,0.803924,5.854817,4.997863,p99.5_minus_median,0.187363,0.231171,0.051674,0.075400,NA,NA,0.347330,0.200573,0.146758,0.146758,0.048259,0.018870,0.051817,13.261320,0.245769,0.448891,true,true,0.014277,true,true,true,true,true,true,true,pass,,none,,full_deltaF,true,6,6
PF_T3_LJ_LAMBDA_02_03_R001_A4,free_energy__lj_lambda_02_03__pnedb__R001__default,Tier3,tier3_lj_lambda,lj_lambda,lambda_02_03,2,R001,A4,NoiSDE,A_to_B,lambda02,lambda03,pi_A_samples,raw_sde_path,raw_sde_z1,pf_ode_z1,log_q1_pf,paired_z0_z1pf_logq1pf,false,pf_companion_corrected,A,aux_score_network,score_closed_pf,16,gaussian,dopri5,1e-5,1e-6,100,106,0.01,hutchinson,logq_decreases_by_divergence,0.000409,0.003750,0.008685,0.005146,0.118885,0.086199,0.005122,0.001382,NA,NA,NA,NA,0.010683,max_normalised_audit_residual,0.020000,true,1000,462.090,0.462090,1.164079,0.627772,-0.048964,0.833820,5.820889,4.827535,p99.5_minus_median,0.193231,0.254107,0.054747,0.085456,NA,NA,0.028858,0.187819,0.158961,-0.158961,0.058965,0.008788,0.059616,2.173033,-0.087990,0.145705,true,true,0.017287,true,true,true,true,true,true,true,pass,,none,,full_deltaF,true,6,6
PF_T3_LJ_LAMBDA_02_03_R002_A4,free_energy__lj_lambda_02_03__pnedb__R002__default,Tier3,tier3_lj_lambda,lj_lambda,lambda_02_03,2,R002,A4,NoiSDE,A_to_B,lambda02,lambda03,pi_A_samples,raw_sde_path,raw_sde_z1,pf_ode_z1,log_q1_pf,paired_z0_z1pf_logq1pf,false,pf_companion_corrected,A,aux_score_network,score_closed_pf,16,gaussian,dopri5,1e-5,1e-6,100,94,0.01,hutchinson,logq_decreases_by_divergence,0.000299,0.003412,0.005735,0.006073,0.074747,0.068350,0.002430,0.002195,NA,NA,NA,NA,0.012916,max_normalised_audit_residual,0.020000,true,1000,455.211,0.455211,1.196785,0.761533,0.028619,0.870820,5.820313,5.346718,p99.5_minus_median,0.190807,0.247027,0.058399,0.076052,NA,NA,0.019649,0.202789,0.183140,-0.183140,0.061629,0.021182,0.065168,10.564744,-0.108079,0.147378,true,true,0.014996,true,true,true,true,true,true,true,pass,,none,,full_deltaF,true,6,6
PF_T3_LJ_LAMBDA_02_03_R003_A4,free_energy__lj_lambda_02_03__pnedb__R003__default,Tier3,tier3_lj_lambda,lj_lambda,lambda_02_03,2,R003,A4,NoiSDE,A_to_B,lambda02,lambda03,pi_A_samples,raw_sde_path,raw_sde_z1,pf_ode_z1,log_q1_pf,paired_z0_z1pf_logq1pf,false,pf_companion_corrected,A,aux_score_network,score_closed_pf,16,gaussian,dopri5,1e-5,1e-6,100,98,0.01,hutchinson,logq_decreases_by_divergence,0.000122,0.002450,0.010212,0.005771,0.089176,0.074656,0.002290,0.003082,NA,NA,NA,NA,0.012434,max_normalised_audit_residual,0.020000,true,1000,453.659,0.453659,1.204296,0.771709,0.012771,0.831759,5.807749,4.966094,p99.5_minus_median,0.162919,0.208006,0.059856,0.085566,NA,NA,0.020639,0.195374,0.174735,-0.174735,0.051694,0.025046,0.057442,19.011791,-0.091948,0.133226,true,true,0.013894,true,true,true,true,true,true,true,pass,,none,,full_deltaF,true,6,6
PF_T3_LJ_LAMBDA_02_03_R004_A4,free_energy__lj_lambda_02_03__pnedb__R004__default,Tier3,tier3_lj_lambda,lj_lambda,lambda_02_03,2,R004,A4,NoiSDE,A_to_B,lambda02,lambda03,pi_A_samples,raw_sde_path,raw_sde_z1,pf_ode_z1,log_q1_pf,paired_z0_z1pf_logq1pf,false,pf_companion_corrected,A,aux_score_network,score_closed_pf,16,gaussian,dopri5,1e-5,1e-6,100,94,0.01,hutchinson,logq_decreases_by_divergence,0.000629,0.004626,0.006866,0.007549,0.125858,0.088691,0.003830,0.003128,NA,NA,NA,NA,0.015275,max_normalised_audit_residual,0.020000,true,1000,477.822,0.477822,1.092829,0.722888,0.023872,0.893930,5.303653,4.484559,p99.5_minus_median,0.161668,0.215345,0.049995,0.072115,NA,NA,0.045046,0.201865,0.156818,-0.156818,0.040782,0.019318,0.045126,18.326694,-0.043401,0.133494,true,true,0.015037,true,true,true,true,true,true,true,pass,,none,,full_deltaF,true,6,6
PF_T3_LJ_LAMBDA_02_03_R005_A4,free_energy__lj_lambda_02_03__pnedb__R005__default,Tier3,tier3_lj_lambda,lj_lambda,lambda_02_03,2,R005,A4,NoiSDE,A_to_B,lambda02,lambda03,pi_A_samples,raw_sde_path,raw_sde_z1,pf_ode_z1,log_q1_pf,paired_z0_z1pf_logq1pf,false,pf_companion_corrected,A,aux_score_network,score_closed_pf,16,gaussian,dopri5,1e-5,1e-6,100,94,0.01,hutchinson,logq_decreases_by_divergence,0.000372,0.004158,0.010548,0.005583,0.088517,0.074380,0.001766,0.000553,NA,NA,NA,NA,0.011778,max_normalised_audit_residual,0.020000,true,1000,451.473,0.451473,1.214971,0.857920,0.039499,0.875528,5.668473,5.042290,p99.5_minus_median,0.169902,0.232435,0.058306,0.084843,NA,NA,0.343517,0.196683,0.146833,0.146833,0.029560,0.010215,0.031275,10.668523,0.282217,0.404816,true,true,0.014606,true,true,true,true,true,true,true,pass,,none,,full_deltaF,true,6,6
PF_T3_LJ_LAMBDA_03_04_R001_A4,free_energy__lj_lambda_03_04__pnedb__R001__default,Tier3,tier3_lj_lambda,lj_lambda,lambda_03_04,3,R001,A4,NoiSDE,A_to_B,lambda03,lambda04,pi_A_samples,raw_sde_path,raw_sde_z1,pf_ode_z1,log_q1_pf,paired_z0_z1pf_logq1pf,false,pf_companion_corrected,A,aux_score_network,score_closed_pf,16,gaussian,dopri5,1e-5,1e-6,100,109,0.01,hutchinson,logq_decreases_by_divergence,0.000361,0.003267,0.005072,0.004673,0.109123,0.082584,0.002264,0.002755,NA,NA,NA,NA,0.010685,max_normalised_audit_residual,0.020000,true,1000,450.313,0.450313,1.220679,0.762240,0.031631,0.894774,5.558995,4.413810,p99.5_minus_median,0.181165,0.233609,0.050452,0.064087,NA,NA,0.263995,0.192148,0.071847,0.071847,0.031832,0.014199,0.034855,16.596137,0.195679,0.332311,true,true,0.009392,true,true,true,true,true,true,true,pass,,none,,full_deltaF,true,6,6
PF_T3_LJ_LAMBDA_03_04_R002_A4,free_energy__lj_lambda_03_04__pnedb__R002__default,Tier3,tier3_lj_lambda,lj_lambda,lambda_03_04,3,R002,A4,NoiSDE,A_to_B,lambda03,lambda04,pi_A_samples,raw_sde_path,raw_sde_z1,pf_ode_z1,log_q1_pf,paired_z0_z1pf_logq1pf,false,pf_companion_corrected,A,aux_score_network,score_closed_pf,16,gaussian,dopri5,1e-5,1e-6,100,103,0.01,hutchinson,logq_decreases_by_divergence,0.000403,0.001924,0.009786,0.001351,0.074339,0.068163,0.002222,0.001796,NA,NA,NA,NA,0.006486,max_normalised_audit_residual,0.020000,true,1000,513.475,0.513475,0.947514,0.579625,-0.043452,0.877686,5.476307,4.871959,p99.5_minus_median,0.186607,0.229916,0.041999,0.074767,NA,NA,0.320539,0.201907,0.118633,0.118633,0.052026,0.017630,0.054932,10.300379,0.212873,0.428206,true,true,0.014910,true,true,true,true,true,true,true,pass,,none,,full_deltaF,true,6,6
PF_T3_LJ_LAMBDA_03_04_R003_A4,free_energy__lj_lambda_03_04__pnedb__R003__default,Tier3,tier3_lj_lambda,lj_lambda,lambda_03_04,3,R003,A4,NoiSDE,A_to_B,lambda03,lambda04,pi_A_samples,raw_sde_path,raw_sde_z1,pf_ode_z1,log_q1_pf,paired_z0_z1pf_logq1pf,false,pf_companion_corrected,A,aux_score_network,score_closed_pf,16,gaussian,dopri5,1e-5,1e-6,100,97,0.01,hutchinson,logq_decreases_by_divergence,0.000274,0.004656,0.005450,0.003713,0.084778,0.072792,0.003104,0.002653,NA,NA,NA,NA,0.009791,max_normalised_audit_residual,0.020000,true,1000,447.275,0.447275,1.235759,0.980402,0.026716,0.851935,5.047831,4.589662,p99.5_minus_median,0.190902,0.252198,0.059040,0.070518,NA,NA,0.361600,0.186061,0.175539,0.175539,0.043424,0.016782,0.046554,12.994914,0.270355,0.452845,true,true,0.016721,true,true,true,true,true,true,true,pass,,none,,full_deltaF,true,6,6
PF_T3_LJ_LAMBDA_03_04_R004_A4,free_energy__lj_lambda_03_04__pnedb__R004__default,Tier3,tier3_lj_lambda,lj_lambda,lambda_03_04,3,R004,A4,NoiSDE,A_to_B,lambda03,lambda04,pi_A_samples,raw_sde_path,raw_sde_z1,pf_ode_z1,log_q1_pf,paired_z0_z1pf_logq1pf,false,pf_companion_corrected,A,aux_score_network,score_closed_pf,16,gaussian,dopri5,1e-5,1e-6,100,101,0.01,hutchinson,logq_decreases_by_divergence,0.000448,0.003845,0.008539,0.002160,0.087419,0.073917,0.003297,0.000500,NA,NA,NA,NA,0.009690,max_normalised_audit_residual,0.020000,true,1000,455.211,0.455211,1.196782,0.657506,0.016845,0.791430,5.594749,4.626831,p99.5_minus_median,0.170420,0.217948,0.051219,0.084574,NA,NA,0.373941,0.189226,0.184714,0.184714,0.037187,0.015374,0.040240,14.596607,0.295071,0.452810,true,true,0.016033,true,true,true,true,true,true,true,pass,,none,,full_deltaF,true,6,6
PF_T3_LJ_LAMBDA_03_04_R005_A4,free_energy__lj_lambda_03_04__pnedb__R005__default,Tier3,tier3_lj_lambda,lj_lambda,lambda_03_04,3,R005,A4,NoiSDE,A_to_B,lambda03,lambda04,pi_A_samples,raw_sde_path,raw_sde_z1,pf_ode_z1,log_q1_pf,paired_z0_z1pf_logq1pf,false,pf_companion_corrected,A,aux_score_network,score_closed_pf,16,gaussian,dopri5,1e-5,1e-6,100,97,0.01,hutchinson,logq_decreases_by_divergence,0.000291,0.003097,0.008196,0.008403,0.066020,0.064236,0.003681,0.003043,NA,NA,NA,NA,0.016635,max_normalised_audit_residual,0.020000,true,1000,512.320,0.512320,0.951906,0.663416,0.038003,0.819416,5.775446,4.646590,p99.5_minus_median,0.180535,0.231362,0.059189,0.069643,NA,NA,0.336612,0.186146,0.150466,0.150466,0.042334,0.013460,0.044422,9.180353,0.249545,0.423680,true,true,0.012227,true,true,true,true,true,true,true,pass,,none,,full_deltaF,true,6,6
PF_T3_LJ_LAMBDA_04_05_R001_A4,free_energy__lj_lambda_04_05__pnedb__R001__default,Tier3,tier3_lj_lambda,lj_lambda,lambda_04_05,4,R001,A4,NoiSDE,A_to_B,lambda04,lambda05,pi_A_samples,raw_sde_path,raw_sde_z1,pf_ode_z1,log_q1_pf,paired_z0_z1pf_logq1pf,false,pf_companion_corrected,A,aux_score_network,score_closed_pf,16,gaussian,dopri5,1e-5,1e-6,100,93,0.01,hutchinson,logq_decreases_by_divergence,0.000304,0.004497,0.009787,0.005439,0.130236,0.090221,0.002447,0.003988,NA,NA,NA,NA,0.010275,max_normalised_audit_residual,0.020000,true,1000,466.499,0.466499,1.143629,0.871079,-0.037566,0.791683,6.064926,5.115507,p99.5_minus_median,0.182260,0.236115,0.044527,0.082017,NA,NA,0.050552,0.180543,0.129991,-0.129991,0.050940,0.019511,0.054549,12.793661,-0.056364,0.157469,true,true,0.015415,true,true,true,true,true,true,true,pass,,none,,full_deltaF,true,6,6
PF_T3_LJ_LAMBDA_04_05_R002_A4,free_energy__lj_lambda_04_05__pnedb__R002__default,Tier3,tier3_lj_lambda,lj_lambda,lambda_04_05,4,R002,A4,NoiSDE,A_to_B,lambda04,lambda05,pi_A_samples,raw_sde_path,raw_sde_z1,pf_ode_z1,log_q1_pf,paired_z0_z1pf_logq1pf,false,pf_companion_corrected,A,aux_score_network,score_closed_pf,16,gaussian,dopri5,1e-5,1e-6,100,101,0.01,hutchinson,logq_decreases_by_divergence,0.000166,0.004759,0.011302,0.007486,0.111348,0.083422,0.004540,0.002837,NA,NA,NA,NA,0.013291,max_normalised_audit_residual,0.020000,true,1000,481.162,0.481162,1.078304,0.808118,-0.046842,0.834838,5.337866,4.258101,p99.5_minus_median,0.182568,0.229802,0.055422,0.068002,NA,NA,0.326857,0.178056,0.148801,0.148801,0.034420,0.014744,0.037445,15.503960,0.253466,0.400249,true,true,0.016829,true,true,true,true,true,true,true,pass,,none,,full_deltaF,true,6,6
PF_T3_LJ_LAMBDA_04_05_R003_A4,free_energy__lj_lambda_04_05__pnedb__R003__default,Tier3,tier3_lj_lambda,lj_lambda,lambda_04_05,4,R003,A4,NoiSDE,A_to_B,lambda04,lambda05,pi_A_samples,raw_sde_path,raw_sde_z1,pf_ode_z1,log_q1_pf,paired_z0_z1pf_logq1pf,false,pf_companion_corrected,A,aux_score_network,score_closed_pf,16,gaussian,dopri5,1e-5,1e-6,100,103,0.01,hutchinson,logq_decreases_by_divergence,0.000345,0.005285,0.007013,0.008177,0.087789,0.074073,0.004035,0.001665,NA,NA,NA,NA,0.015039,max_normalised_audit_residual,0.020000,true,1000,475.194,0.475194,1.104403,0.717507,-0.033021,0.872569,5.489612,4.972308,p99.5_minus_median,0.185454,0.231176,0.058848,0.075913,NA,NA,0.320583,0.187779,0.132804,0.132804,0.053486,0.024056,0.058647,16.825175,0.205635,0.435531,true,true,0.012927,true,true,true,true,true,true,true,pass,,none,,full_deltaF,true,6,6
PF_T3_LJ_LAMBDA_04_05_R004_A4,free_energy__lj_lambda_04_05__pnedb__R004__default,Tier3,tier3_lj_lambda,lj_lambda,lambda_04_05,4,R004,A4,NoiSDE,A_to_B,lambda04,lambda05,pi_A_samples,raw_sde_path,raw_sde_z1,pf_ode_z1,log_q1_pf,paired_z0_z1pf_logq1pf,false,pf_companion_corrected,A,aux_score_network,score_closed_pf,16,gaussian,dopri5,1e-5,1e-6,100,95,0.01,hutchinson,logq_decreases_by_divergence,0.000235,0.004738,0.010273,0.005491,0.116352,0.085276,0.004891,0.000549,NA,NA,NA,NA,0.012121,max_normalised_audit_residual,0.020000,true,1000,484.982,0.484982,1.061930,0.756597,0.030893,0.801314,5.261038,4.748417,p99.5_minus_median,0.193179,0.249596,0.053557,0.070904,NA,NA,0.278268,0.182846,0.095422,0.095422,0.022764,0.009482,0.024660,14.784936,0.229934,0.326602,true,true,0.013296,true,true,true,true,true,true,true,pass,,none,,full_deltaF,true,6,6
PF_T3_LJ_LAMBDA_04_05_R005_A4,free_energy__lj_lambda_04_05__pnedb__R005__default,Tier3,tier3_lj_lambda,lj_lambda,lambda_04_05,4,R005,A4,NoiSDE,A_to_B,lambda04,lambda05,pi_A_samples,raw_sde_path,raw_sde_z1,pf_ode_z1,log_q1_pf,paired_z0_z1pf_logq1pf,false,pf_companion_corrected,A,aux_score_network,score_closed_pf,16,gaussian,dopri5,1e-5,1e-6,100,98,0.01,hutchinson,logq_decreases_by_divergence,0.000229,0.003587,0.015375,0.005545,0.120261,0.086697,0.003010,0.001649,NA,NA,NA,NA,0.010351,max_normalised_audit_residual,0.020000,true,1000,457.933,0.457933,1.183726,0.763137,0.000920,0.818834,5.243162,4.538400,p99.5_minus_median,0.197080,0.239896,0.054819,0.069053,NA,NA,0.283260,0.181686,0.101574,0.101574,0.020184,0.009108,0.022144,16.917202,0.239859,0.326662,true,true,0.010777,true,true,true,true,true,true,true,pass,,none,,full_deltaF,true,6,6
PF_T3_LJ_LAMBDA_05_06_R001_A4,free_energy__lj_lambda_05_06__pnedb__R001__default,Tier3,tier3_lj_lambda,lj_lambda,lambda_05_06,5,R001,A4,NoiSDE,A_to_B,lambda05,lambda06,pi_A_samples,raw_sde_path,raw_sde_z1,pf_ode_z1,log_q1_pf,paired_z0_z1pf_logq1pf,false,pf_companion_corrected,A,aux_score_network,score_closed_pf,16,gaussian,dopri5,1e-5,1e-6,100,109,0.01,hutchinson,logq_decreases_by_divergence,0.000192,0.003216,0.014308,0.005987,0.121496,0.087141,0.003112,0.001493,NA,NA,NA,NA,0.011439,max_normalised_audit_residual,0.020000,true,1000,474.859,0.474859,1.105887,0.759913,-0.023900,0.800423,5.657696,4.975348,p99.5_minus_median,0.185941,0.227491,0.046860,0.073068,NA,NA,0.331695,0.181837,0.149858,0.149858,0.047730,0.019713,0.051640,14.572007,0.230480,0.432910,true,true,0.015542,true,true,true,true,true,true,true,pass,,none,,full_deltaF,true,6,6
PF_T3_LJ_LAMBDA_05_06_R002_A4,free_energy__lj_lambda_05_06__pnedb__R002__default,Tier3,tier3_lj_lambda,lj_lambda,lambda_05_06,5,R002,A4,NoiSDE,A_to_B,lambda05,lambda06,pi_A_samples,raw_sde_path,raw_sde_z1,pf_ode_z1,log_q1_pf,paired_z0_z1pf_logq1pf,false,pf_companion_corrected,A,aux_score_network,score_closed_pf,16,gaussian,dopri5,1e-5,1e-6,100,102,0.01,hutchinson,logq_decreases_by_divergence,0.000417,0.001672,0.011322,0.006431,0.060498,0.061491,0.003090,0.002107,NA,NA,NA,NA,0.011108,max_normalised_audit_residual,0.020000,true,1000,432.429,0.432429,1.312518,0.758140,0.017864,0.801995,5.741335,4.686413,p99.5_minus_median,0.194310,0.256203,0.063456,0.071555,NA,NA,0.026480,0.175475,0.148995,-0.148995,0.045385,0.021173,0.050081,17.874142,-0.071678,0.124639,true,true,0.015933,true,true,true,true,true,true,true,pass,,none,,full_deltaF,true,6,6
PF_T3_LJ_LAMBDA_05_06_R003_A4,free_energy__lj_lambda_05_06__pnedb__R003__default,Tier3,tier3_lj_lambda,lj_lambda,lambda_05_06,5,R003,A4,NoiSDE,A_to_B,lambda05,lambda06,pi_A_samples,raw_sde_path,raw_sde_z1,pf_ode_z1,log_q1_pf,paired_z0_z1pf_logq1pf,false,pf_companion_corrected,A,aux_score_network,score_closed_pf,16,gaussian,dopri5,1e-5,1e-6,100,94,0.01,hutchinson,logq_decreases_by_divergence,0.000124,0.005327,0.012003,0.004075,0.145192,0.095260,0.004409,0.002834,NA,NA,NA,NA,0.009645,max_normalised_audit_residual,0.020000,true,1000,478.718,0.478718,1.088914,0.504172,-0.023948,0.797620,5.345488,4.632050,p99.5_minus_median,0.170914,0.217378,0.051906,0.066241,NA,NA,0.045157,0.182425,0.137269,-0.137269,0.034241,0.014800,0.037303,15.741571,-0.027957,0.118270,true,true,0.013502,true,true,true,true,true,true,true,pass,,none,,full_deltaF,true,6,6
PF_T3_LJ_LAMBDA_05_06_R004_A4,free_energy__lj_lambda_05_06__pnedb__R004__default,Tier3,tier3_lj_lambda,lj_lambda,lambda_05_06,5,R004,A4,NoiSDE,A_to_B,lambda05,lambda06,pi_A_samples,raw_sde_path,raw_sde_z1,pf_ode_z1,log_q1_pf,paired_z0_z1pf_logq1pf,false,pf_companion_corrected,A,aux_score_network,score_closed_pf,16,gaussian,dopri5,1e-5,1e-6,100,111,0.01,hutchinson,logq_decreases_by_divergence,0.000513,0.002285,0.007878,0.003974,0.028756,0.042394,0.000970,0.001205,NA,NA,NA,NA,0.010144,max_normalised_audit_residual,0.020000,true,1000,422.801,0.422801,1.365176,0.656030,-0.006200,0.835471,5.530009,4.792034,p99.5_minus_median,0.174149,0.222039,0.054924,0.066430,NA,NA,0.297764,0.178437,0.119327,0.119327,0.033076,0.015026,0.036329,17.107020,0.226560,0.368968,true,true,0.010409,true,true,true,true,true,true,true,pass,,none,,full_deltaF,true,6,6
PF_T3_LJ_LAMBDA_05_06_R005_A4,free_energy__lj_lambda_05_06__pnedb__R005__default,Tier3,tier3_lj_lambda,lj_lambda,lambda_05_06,5,R005,A4,NoiSDE,A_to_B,lambda05,lambda06,pi_A_samples,raw_sde_path,raw_sde_z1,pf_ode_z1,log_q1_pf,paired_z0_z1pf_logq1pf,false,pf_companion_corrected,A,aux_score_network,score_closed_pf,16,gaussian,dopri5,1e-5,1e-6,100,94,0.01,hutchinson,logq_decreases_by_divergence,0.000152,0.003436,0.006597,0.004198,0.098221,0.078351,0.003020,0.001747,NA,NA,NA,NA,0.009637,max_normalised_audit_residual,0.020000,true,1000,432.231,0.432231,1.313577,0.749832,0.024244,0.896468,5.168793,4.715115,p99.5_minus_median,0.183876,0.227500,0.059435,0.067921,NA,NA,0.087265,0.177734,0.090469,-0.090469,0.029943,0.009927,0.031545,9.902695,0.025437,0.149093,true,true,0.010419,true,true,true,true,true,true,true,pass,,none,,full_deltaF,true,6,6
PF_T3_LJ_LAMBDA_06_07_R001_A4,free_energy__lj_lambda_06_07__pnedb__R001__default,Tier3,tier3_lj_lambda,lj_lambda,lambda_06_07,6,R001,A4,NoiSDE,A_to_B,lambda06,lambda07,pi_A_samples,raw_sde_path,raw_sde_z1,pf_ode_z1,log_q1_pf,paired_z0_z1pf_logq1pf,false,pf_companion_corrected,A,aux_score_network,score_closed_pf,16,gaussian,dopri5,1e-5,1e-6,100,105,0.01,hutchinson,logq_decreases_by_divergence,0.000370,0.001492,0.009133,0.004657,0.109632,0.082777,0.003393,0.003011,NA,NA,NA,NA,0.011013,max_normalised_audit_residual,0.020000,true,1000,495.905,0.495905,1.016513,0.860072,0.012732,0.799554,5.561184,4.624689,p99.5_minus_median,0.178836,0.234441,0.052273,0.089427,NA,NA,0.000194,0.177514,0.177319,-0.177319,0.036890,0.013431,0.039259,11.704582,-0.076754,0.077143,true,true,0.018000,true,true,true,true,true,true,true,pass,,none,,full_deltaF,true,6,6
PF_T3_LJ_LAMBDA_06_07_R002_A4,free_energy__lj_lambda_06_07__pnedb__R002__default,Tier3,tier3_lj_lambda,lj_lambda,lambda_06_07,6,R002,A4,NoiSDE,A_to_B,lambda06,lambda07,pi_A_samples,raw_sde_path,raw_sde_z1,pf_ode_z1,log_q1_pf,paired_z0_z1pf_logq1pf,false,pf_companion_corrected,A,aux_score_network,score_closed_pf,16,gaussian,dopri5,1e-5,1e-6,100,107,0.01,hutchinson,logq_decreases_by_divergence,0.000349,0.003281,0.009794,0.005646,0.129771,0.090059,0.003440,0.004213,NA,NA,NA,NA,0.009859,max_normalised_audit_residual,0.020000,true,1000,425.371,0.425371,1.350891,0.814337,0.027817,0.832684,5.336099,4.560495,p99.5_minus_median,0.202530,0.249273,0.062191,0.064469,NA,NA,0.097114,0.187513,0.090399,-0.090399,0.018810,0.006895,0.020034,11.846198,0.057847,0.136380,true,true,0.012216,true,true,true,true,true,true,true,pass,,none,,full_deltaF,true,6,6
PF_T3_LJ_LAMBDA_06_07_R003_A4,free_energy__lj_lambda_06_07__pnedb__R003__default,Tier3,tier3_lj_lambda,lj_lambda,lambda_06_07,6,R003,A4,NoiSDE,A_to_B,lambda06,lambda07,pi_A_samples,raw_sde_path,raw_sde_z1,pf_ode_z1,log_q1_pf,paired_z0_z1pf_logq1pf,false,pf_companion_corrected,A,aux_score_network,score_closed_pf,16,gaussian,dopri5,1e-5,1e-6,100,100,0.01,hutchinson,logq_decreases_by_divergence,0.000525,0.002907,0.007946,0.003697,0.059689,0.061078,0.003477,0.003070,NA,NA,NA,NA,0.008829,max_normalised_audit_residual,0.020000,true,1000,489.995,0.489995,1.040836,0.590318,0.041664,0.868676,5.765421,4.687389,p99.5_minus_median,0.171695,0.225953,0.054728,0.067685,NA,NA,0.307588,0.178610,0.128978,0.128978,0.027704,0.005577,0.028260,3.894812,0.252199,0.362977,true,true,0.014940,true,true,true,true,true,true,true,pass,,none,,full_deltaF,true,6,6
PF_T3_LJ_LAMBDA_06_07_R004_A4,free_energy__lj_lambda_06_07__pnedb__R004__default,Tier3,tier3_lj_lambda,lj_lambda,lambda_06_07,6,R004,A4,NoiSDE,A_to_B,lambda06,lambda07,pi_A_samples,raw_sde_path,raw_sde_z1,pf_ode_z1,log_q1_pf,paired_z0_z1pf_logq1pf,false,pf_companion_corrected,A,aux_score_network,score_closed_pf,16,gaussian,dopri5,1e-5,1e-6,100,94,0.01,hutchinson,logq_decreases_by_divergence,0.000391,0.003265,0.010856,0.005267,0.104072,0.080651,0.002912,0.003312,NA,NA,NA,NA,0.010401,max_normalised_audit_residual,0.020000,true,1000,447.222,0.447222,1.236028,0.911544,0.037599,0.849045,5.932391,4.841056,p99.5_minus_median,0.186509,0.231675,0.045675,0.086055,NA,NA,0.332112,0.177076,0.155036,0.155036,0.039702,0.013994,0.042096,11.051738,0.249604,0.414620,true,true,0.013065,true,true,true,true,true,true,true,pass,,none,,full_deltaF,true,6,6
PF_T3_LJ_LAMBDA_06_07_R005_A4,free_energy__lj_lambda_06_07__pnedb__R005__default,Tier3,tier3_lj_lambda,lj_lambda,lambda_06_07,6,R005,A4,NoiSDE,A_to_B,lambda06,lambda07,pi_A_samples,raw_sde_path,raw_sde_z1,pf_ode_z1,log_q1_pf,paired_z0_z1pf_logq1pf,false,pf_companion_corrected,A,aux_score_network,score_closed_pf,16,gaussian,dopri5,1e-5,1e-6,100,99,0.01,hutchinson,logq_decreases_by_divergence,0.000390,0.002112,0.007630,0.006273,0.073091,0.067588,0.002838,0.003623,NA,NA,NA,NA,0.012946,max_normalised_audit_residual,0.020000,true,1000,503.017,0.503017,0.988005,0.692063,-0.045107,0.897931,5.555992,4.839151,p99.5_minus_median,0.143822,0.186671,0.055478,0.064981,NA,NA,0.278420,0.173824,0.104596,0.104596,0.027340,0.010581,0.029316,13.026624,0.220961,0.335880,true,true,0.010024,true,true,true,true,true,true,true,pass,,none,,full_deltaF,true,6,6
PF_T3_LJ_LAMBDA_07_08_R001_A4,free_energy__lj_lambda_07_08__pnedb__R001__default,Tier3,tier3_lj_lambda,lj_lambda,lambda_07_08,7,R001,A4,NoiSDE,A_to_B,lambda07,lambda08,pi_A_samples,raw_sde_path,raw_sde_z1,pf_ode_z1,log_q1_pf,paired_z0_z1pf_logq1pf,false,pf_companion_corrected,A,aux_score_network,score_closed_pf,16,gaussian,dopri5,1e-5,1e-6,100,103,0.01,hutchinson,logq_decreases_by_divergence,0.000410,0.004556,0.006263,0.008120,0.107818,0.082089,0.003219,0.004717,NA,NA,NA,NA,0.014315,max_normalised_audit_residual,0.020000,true,1000,454.644,0.454644,1.199521,0.756113,0.034453,0.920457,6.262175,5.429144,p99.5_minus_median,0.182413,0.237314,0.053924,0.072859,NA,NA,0.318426,0.198225,0.120201,0.120201,0.037588,0.016275,0.040960,15.788105,0.238144,0.398708,true,true,0.015381,true,true,true,true,true,true,true,pass,,none,,full_deltaF,true,6,6
PF_T3_LJ_LAMBDA_07_08_R002_A4,free_energy__lj_lambda_07_08__pnedb__R002__default,Tier3,tier3_lj_lambda,lj_lambda,lambda_07_08,7,R002,A4,NoiSDE,A_to_B,lambda07,lambda08,pi_A_samples,raw_sde_path,raw_sde_z1,pf_ode_z1,log_q1_pf,paired_z0_z1pf_logq1pf,false,pf_companion_corrected,A,aux_score_network,score_closed_pf,16,gaussian,dopri5,1e-5,1e-6,100,96,0.01,hutchinson,logq_decreases_by_divergence,0.000436,0.004266,0.013198,0.005403,0.144120,0.094908,0.001605,0.002762,NA,NA,NA,NA,0.010204,max_normalised_audit_residual,0.020000,true,1000,476.175,0.476175,1.100067,0.665684,-0.028875,0.798736,6.402897,5.383368,p99.5_minus_median,0.174781,0.225036,0.060386,0.070800,NA,NA,0.057095,0.197058,0.139963,-0.139963,0.050941,0.019058,0.054389,12.278160,-0.049509,0.163698,true,true,0.016586,true,true,true,true,true,true,true,pass,,none,,full_deltaF,true,6,6
PF_T3_LJ_LAMBDA_07_08_R003_A4,free_energy__lj_lambda_07_08__pnedb__R003__default,Tier3,tier3_lj_lambda,lj_lambda,lambda_07_08,7,R003,A4,NoiSDE,A_to_B,lambda07,lambda08,pi_A_samples,raw_sde_path,raw_sde_z1,pf_ode_z1,log_q1_pf,paired_z0_z1pf_logq1pf,false,pf_companion_corrected,A,aux_score_network,score_closed_pf,16,gaussian,dopri5,1e-5,1e-6,100,111,0.01,hutchinson,logq_decreases_by_divergence,0.000563,0.004225,0.009713,0.005241,0.087481,0.073943,0.003369,0.001263,NA,NA,NA,NA,0.011891,max_normalised_audit_residual,0.020000,true,1000,525.529,0.525529,0.902846,0.598669,-0.009477,0.845789,5.874196,4.744349,p99.5_minus_median,0.188138,0.244911,0.051513,0.076112,NA,NA,0.346991,0.205196,0.141795,0.141795,0.043612,0.021665,0.048697,19.793825,0.251545,0.442437,true,true,0.016863,true,true,true,true,true,true,true,pass,,none,,full_deltaF,true,6,6
PF_T3_LJ_LAMBDA_07_08_R004_A4,free_energy__lj_lambda_07_08__pnedb__R004__default,Tier3,tier3_lj_lambda,lj_lambda,lambda_07_08,7,R004,A4,NoiSDE,A_to_B,lambda07,lambda08,pi_A_samples,raw_sde_path,raw_sde_z1,pf_ode_z1,log_q1_pf,paired_z0_z1pf_logq1pf,false,pf_companion_corrected,A,aux_score_network,score_closed_pf,16,gaussian,dopri5,1e-5,1e-6,100,106,0.01,hutchinson,logq_decreases_by_divergence,0.000300,0.005394,0.012585,0.004937,0.152618,0.097666,0.003777,0.003796,NA,NA,NA,NA,0.010234,max_normalised_audit_residual,0.020000,true,1000,492.573,0.492573,1.030156,0.810304,0.019658,0.906558,5.751178,4.614350,p99.5_minus_median,0.201736,0.254165,0.043037,0.067208,NA,NA,0.346257,0.194591,0.151666,0.151666,0.048805,0.021400,0.053291,16.125256,0.241807,0.450707,true,true,0.015312,true,true,true,true,true,true,true,pass,,none,,full_deltaF,true,6,6
PF_T3_LJ_LAMBDA_07_08_R005_A4,free_energy__lj_lambda_07_08__pnedb__R005__default,Tier3,tier3_lj_lambda,lj_lambda,lambda_07_08,7,R005,A4,NoiSDE,A_to_B,lambda07,lambda08,pi_A_samples,raw_sde_path,raw_sde_z1,pf_ode_z1,log_q1_pf,paired_z0_z1pf_logq1pf,false,pf_companion_corrected,A,aux_score_network,score_closed_pf,16,gaussian,dopri5,1e-5,1e-6,100,107,0.01,hutchinson,logq_decreases_by_divergence,0.000584,0.003754,0.007026,0.005296,0.113839,0.084350,0.003039,0.002056,NA,NA,NA,NA,0.010267,max_normalised_audit_residual,0.020000,true,1000,504.663,0.504663,0.981520,0.670916,0.039200,0.893704,5.568904,5.025195,p99.5_minus_median,0.193842,0.235528,0.056955,0.068424,NA,NA,0.338406,0.209385,0.129020,0.129020,0.055130,0.023561,0.059954,15.444102,0.220895,0.455916,true,true,0.014394,true,true,true,true,true,true,true,pass,,none,,full_deltaF,true,6,6
PF_T3_LJ_LAMBDA_08_09_R001_A4,free_energy__lj_lambda_08_09__pnedb__R001__default,Tier3,tier3_lj_lambda,lj_lambda,lambda_08_09,8,R001,A4,NoiSDE,A_to_B,lambda08,lambda09,pi_A_samples,raw_sde_path,raw_sde_z1,pf_ode_z1,log_q1_pf,paired_z0_z1pf_logq1pf,false,pf_companion_corrected,A,aux_score_network,score_closed_pf,16,gaussian,dopri5,1e-5,1e-6,100,111,0.01,hutchinson,logq_decreases_by_divergence,0.000565,0.003943,0.004889,0.005073,0.098082,0.078295,0.003570,0.002723,NA,NA,NA,NA,0.011704,max_normalised_audit_residual,0.020000,true,1000,494.035,0.494035,1.024148,0.720966,0.039738,0.871533,5.772613,4.700804,p99.5_minus_median,0.194161,0.239690,0.054221,0.079384,NA,NA,0.392494,0.225374,0.167120,0.167120,0.036409,0.016089,0.039806,16.336474,0.314474,0.470513,true,true,0.015997,true,true,true,true,true,true,true,pass,,none,,full_deltaF,true,6,6
PF_T3_LJ_LAMBDA_08_09_R002_A4,free_energy__lj_lambda_08_09__pnedb__R002__default,Tier3,tier3_lj_lambda,lj_lambda,lambda_08_09,8,R002,A4,NoiSDE,A_to_B,lambda08,lambda09,pi_A_samples,raw_sde_path,raw_sde_z1,pf_ode_z1,log_q1_pf,paired_z0_z1pf_logq1pf,false,pf_companion_corrected,A,aux_score_network,score_closed_pf,16,gaussian,dopri5,1e-5,1e-6,100,102,0.01,hutchinson,logq_decreases_by_divergence,0.000396,0.004344,0.008886,0.007368,0.141374,0.093999,0.002832,0.002547,NA,NA,NA,NA,0.013908,max_normalised_audit_residual,0.020000,true,1000,506.461,0.506461,0.974488,0.796199,0.026320,0.848498,5.376170,4.246322,p99.5_minus_median,0.189456,0.248621,0.050451,0.084207,NA,NA,0.098027,0.231431,0.133404,-0.133404,0.048678,0.015572,0.051108,9.283034,-0.002144,0.198198,true,true,0.016453,true,true,true,true,true,true,true,pass,,none,,full_deltaF,true,6,6
PF_T3_LJ_LAMBDA_08_09_R003_A4,free_energy__lj_lambda_08_09__pnedb__R003__default,Tier3,tier3_lj_lambda,lj_lambda,lambda_08_09,8,R003,A4,NoiSDE,A_to_B,lambda08,lambda09,pi_A_samples,raw_sde_path,raw_sde_z1,pf_ode_z1,log_q1_pf,paired_z0_z1pf_logq1pf,false,pf_companion_corrected,A,aux_score_network,score_closed_pf,16,gaussian,dopri5,1e-5,1e-6,100,111,0.01,hutchinson,logq_decreases_by_divergence,0.000050,0.005256,0.010058,0.004975,0.025000,0.039528,0.003360,0.003996,NA,NA,NA,NA,0.010914,max_normalised_audit_residual,0.020000,true,1000,517.285,0.517285,0.933169,0.670076,-0.046458,0.795252,5.210584,4.754031,p99.5_minus_median,0.218050,0.278304,0.042331,0.066825,NA,NA,0.096598,0.231225,0.134627,-0.134627,0.034316,0.013418,0.036846,13.260556,0.024380,0.168817,true,true,0.012867,true,true,true,true,true,true,true,pass,,none,,full_deltaF,true,6,6
PF_T3_LJ_LAMBDA_08_09_R004_A4,free_energy__lj_lambda_08_09__pnedb__R004__default,Tier3,tier3_lj_lambda,lj_lambda,lambda_08_09,8,R004,A4,NoiSDE,A_to_B,lambda08,lambda09,pi_A_samples,raw_sde_path,raw_sde_z1,pf_ode_z1,log_q1_pf,paired_z0_z1pf_logq1pf,false,pf_companion_corrected,A,aux_score_network,score_closed_pf,16,gaussian,dopri5,1e-5,1e-6,100,97,0.01,hutchinson,logq_decreases_by_divergence,0.000392,0.003027,0.013194,0.003855,0.092116,0.075876,0.002318,0.001166,NA,NA,NA,NA,0.007898,max_normalised_audit_residual,0.020000,true,1000,524.337,0.524337,0.907172,0.720330,0.012574,0.876217,5.375634,4.824771,p99.5_minus_median,0.202046,0.246323,0.044621,0.068921,NA,NA,0.078533,0.236895,0.158362,-0.158362,0.052920,0.019377,0.056356,11.821870,-0.031926,0.188991,true,true,0.014530,true,true,true,true,true,true,true,pass,,none,,full_deltaF,true,6,6
PF_T3_LJ_LAMBDA_08_09_R005_A4,free_energy__lj_lambda_08_09__pnedb__R005__default,Tier3,tier3_lj_lambda,lj_lambda,lambda_08_09,8,R005,A4,NoiSDE,A_to_B,lambda08,lambda09,pi_A_samples,raw_sde_path,raw_sde_z1,pf_ode_z1,log_q1_pf,paired_z0_z1pf_logq1pf,false,pf_companion_corrected,A,aux_score_network,score_closed_pf,16,gaussian,dopri5,1e-5,1e-6,100,95,0.01,hutchinson,logq_decreases_by_divergence,0.000342,0.004116,0.014567,0.005833,0.079872,0.070654,0.002686,0.003240,NA,NA,NA,NA,0.012504,max_normalised_audit_residual,0.020000,true,1000,453.198,0.453198,1.206539,0.664371,0.047914,0.874656,5.472887,4.992810,p99.5_minus_median,0.186666,0.246662,0.054151,0.070574,NA,NA,0.152239,0.232419,0.080180,-0.080180,0.017577,0.008159,0.019378,17.726882,0.114258,0.190219,true,true,0.013059,true,true,true,true,true,true,true,pass,,none,,full_deltaF,true,6,6
PF_T3_LJ_LAMBDA_09_10_R001_A4,free_energy__lj_lambda_09_10__pnedb__R001__default,Tier3,tier3_lj_lambda,lj_lambda,lambda_09_10,9,R001,A4,NoiSDE,A_to_B,lambda09,lambda10,pi_A_samples,raw_sde_path,raw_sde_z1,pf_ode_z1,log_q1_pf,paired_z0_z1pf_logq1pf,false,pf_companion_corrected,A,aux_score_network,score_closed_pf,16,gaussian,dopri5,1e-5,1e-6,100,94,0.01,hutchinson,logq_decreases_by_divergence,0.000365,0.003171,0.010403,0.008525,0.101146,0.079509,0.002923,0.002044,NA,NA,NA,NA,0.015466,max_normalised_audit_residual,0.020000,true,1000,459.400,0.459400,1.176755,0.808274,0.014838,0.864248,5.798156,4.857265,p99.5_minus_median,0.187079,0.249880,0.053003,0.076579,NA,NA,0.118451,0.271693,0.153242,-0.153242,0.043482,0.013259,0.045459,8.507261,0.029352,0.207551,true,true,0.013769,true,true,true,true,true,true,true,pass,,none,,full_deltaF,true,6,6
PF_T3_LJ_LAMBDA_09_10_R002_A4,free_energy__lj_lambda_09_10__pnedb__R002__default,Tier3,tier3_lj_lambda,lj_lambda,lambda_09_10,9,R002,A4,NoiSDE,A_to_B,lambda09,lambda10,pi_A_samples,raw_sde_path,raw_sde_z1,pf_ode_z1,log_q1_pf,paired_z0_z1pf_logq1pf,false,pf_companion_corrected,A,aux_score_network,score_closed_pf,16,gaussian,dopri5,1e-5,1e-6,100,103,0.01,hutchinson,logq_decreases_by_divergence,0.000478,0.004612,0.008042,0.003790,0.077652,0.069665,0.002812,0.005333,NA,NA,NA,NA,0.010874,max_normalised_audit_residual,0.020000,true,1000,470.899,0.470899,1.123598,0.754420,-0.021426,0.844768,5.140969,4.286449,p99.5_minus_median,0.200847,0.263006,0.060853,0.061964,NA,NA,0.390365,0.263974,0.126391,0.126391,0.048069,0.018435,0.051483,12.822169,0.289459,0.491272,true,true,0.011571,true,true,true,true,true,true,true,pass,,none,,full_deltaF,true,6,6
PF_T3_LJ_LAMBDA_09_10_R003_A4,free_energy__lj_lambda_09_10__pnedb__R003__default,Tier3,tier3_lj_lambda,lj_lambda,lambda_09_10,9,R003,A4,NoiSDE,A_to_B,lambda09,lambda10,pi_A_samples,raw_sde_path,raw_sde_z1,pf_ode_z1,log_q1_pf,paired_z0_z1pf_logq1pf,false,pf_companion_corrected,A,aux_score_network,score_closed_pf,16,gaussian,dopri5,1e-5,1e-6,100,100,0.01,hutchinson,logq_decreases_by_divergence,0.000352,0.004293,0.011780,0.004363,0.091079,0.075448,0.002719,0.003004,NA,NA,NA,NA,0.008045,max_normalised_audit_residual,0.020000,true,1000,465.455,0.465455,1.148436,0.699844,0.032037,0.822886,5.985535,4.919686,p99.5_minus_median,0.172655,0.228280,0.061780,0.082880,NA,NA,0.093231,0.256648,0.163417,-0.163417,0.056431,0.022832,0.060875,14.067021,-0.026084,0.212547,true,true,0.013567,true,true,true,true,true,true,true,pass,,none,,full_deltaF,true,6,6
PF_T3_LJ_LAMBDA_09_10_R004_A4,free_energy__lj_lambda_09_10__pnedb__R004__default,Tier3,tier3_lj_lambda,lj_lambda,lambda_09_10,9,R004,A4,NoiSDE,A_to_B,lambda09,lambda10,pi_A_samples,raw_sde_path,raw_sde_z1,pf_ode_z1,log_q1_pf,paired_z0_z1pf_logq1pf,false,pf_companion_corrected,A,aux_score_network,score_closed_pf,16,gaussian,dopri5,1e-5,1e-6,100,97,0.01,hutchinson,logq_decreases_by_divergence,0.000249,0.004710,0.011739,0.004888,0.082696,0.071892,0.002410,0.002404,NA,NA,NA,NA,0.009369,max_normalised_audit_residual,0.020000,true,1000,526.987,0.526987,0.897581,0.604590,-0.046317,0.810956,5.787007,5.263166,p99.5_minus_median,0.184952,0.236511,0.042489,0.078859,NA,NA,0.103456,0.256597,0.153141,-0.153141,0.034008,0.015482,0.037366,17.166016,0.030218,0.176694,true,true,0.016431,true,true,true,true,true,true,true,pass,,none,,full_deltaF,true,6,6
PF_T3_LJ_LAMBDA_09_10_R005_A4,free_energy__lj_lambda_09_10__pnedb__R005__default,Tier3,tier3_lj_lambda,lj_lambda,lambda_09_10,9,R005,A4,NoiSDE,A_to_B,lambda09,lambda10,pi_A_samples,raw_sde_path,raw_sde_z1,pf_ode_z1,log_q1_pf,paired_z0_z1pf_logq1pf,false,pf_companion_corrected,A,aux_score_network,score_closed_pf,16,gaussian,dopri5,1e-5,1e-6,100,107,0.01,hutchinson,logq_decreases_by_divergence,0.000301,0.002748,0.010025,0.002910,0.068495,0.065429,0.003608,0.003671,NA,NA,NA,NA,0.008264,max_normalised_audit_residual,0.020000,true,1000,397.010,0.397010,1.518831,0.808242,-0.007831,0.933748,5.354604,4.644196,p99.5_minus_median,0.178908,0.236867,0.064003,0.078918,NA,NA,0.389366,0.256507,0.132859,0.132859,0.036250,0.012889,0.038473,11.223343,0.313958,0.464773,true,true,0.013820,true,true,true,true,true,true,true,pass,,none,,full_deltaF,true,6,6
PF_T3_LJ_LAMBDA_10_11_R001_A4,free_energy__lj_lambda_10_11__pnedb__R001__default,Tier3,tier3_lj_lambda,lj_lambda,lambda_10_11,10,R001,A4,NoiSDE,A_to_B,lambda10,lambda11,pi_A_samples,raw_sde_path,raw_sde_z1,pf_ode_z1,log_q1_pf,paired_z0_z1pf_logq1pf,false,pf_companion_corrected,A,aux_score_network,score_closed_pf,16,gaussian,dopri5,1e-5,1e-6,100,103,0.01,hutchinson,logq_decreases_by_divergence,0.000491,0.004157,0.012157,0.003492,0.121593,0.087175,0.003312,0.002350,NA,NA,NA,NA,0.009325,max_normalised_audit_residual,0.020000,true,1000,434.349,0.434349,1.302298,0.736593,0.017165,0.809301,6.031131,5.203528,p99.5_minus_median,0.189286,0.246844,0.060036,0.084651,NA,NA,0.465521,0.306044,0.159477,0.159477,0.050032,0.021041,0.054276,15.029040,0.359140,0.571903,true,true,0.014537,true,true,true,true,true,true,true,pass,,none,,full_deltaF,true,6,6
PF_T3_LJ_LAMBDA_10_11_R002_A4,free_energy__lj_lambda_10_11__pnedb__R002__default,Tier3,tier3_lj_lambda,lj_lambda,lambda_10_11,10,R002,A4,NoiSDE,A_to_B,lambda10,lambda11,pi_A_samples,raw_sde_path,raw_sde_z1,pf_ode_z1,log_q1_pf,paired_z0_z1pf_logq1pf,false,pf_companion_corrected,A,aux_score_network,score_closed_pf,16,gaussian,dopri5,1e-5,1e-6,100,101,0.01,hutchinson,logq_decreases_by_divergence,0.000122,0.004341,0.011211,0.005199,0.051244,0.056593,0.002928,0.001239,NA,NA,NA,NA,0.011488,max_normalised_audit_residual,0.020000,true,1000,433.977,0.433977,1.304270,0.858413,-0.004352,0.862889,5.689140,5.012616,p99.5_minus_median,0.175980,0.229218,0.050916,0.075929,NA,NA,0.127602,0.307882,0.180280,-0.180280,0.049796,0.016887,0.052581,10.313814,0.024543,0.230661,true,true,0.015318,true,true,true,true,true,true,true,pass,,none,,full_deltaF,true,6,6
PF_T3_LJ_LAMBDA_10_11_R003_A4,free_energy__lj_lambda_10_11__pnedb__R003__default,Tier3,tier3_lj_lambda,lj_lambda,lambda_10_11,10,R003,A4,NoiSDE,A_to_B,lambda10,lambda11,pi_A_samples,raw_sde_path,raw_sde_z1,pf_ode_z1,log_q1_pf,paired_z0_z1pf_logq1pf,false,pf_companion_corrected,A,aux_score_network,score_closed_pf,16,gaussian,dopri5,1e-5,1e-6,100,97,0.01,hutchinson,logq_decreases_by_divergence,0.000316,0.004857,0.009241,0.007354,0.113550,0.084243,0.002670,0.001685,NA,NA,NA,NA,0.013549,max_normalised_audit_residual,0.020000,true,1000,483.844,0.483844,1.066783,0.764618,0.006778,0.850326,5.607846,5.119490,p99.5_minus_median,0.161313,0.219347,0.059827,0.086304,NA,NA,0.547366,0.310729,0.236637,0.236637,0.078538,0.026214,0.082797,10.023854,0.385084,0.709648,true,true,0.018000,true,true,true,true,true,true,true,pass,,none,,full_deltaF,true,6,6
PF_T3_LJ_LAMBDA_10_11_R004_A4,free_energy__lj_lambda_10_11__pnedb__R004__default,Tier3,tier3_lj_lambda,lj_lambda,lambda_10_11,10,R004,A4,NoiSDE,A_to_B,lambda10,lambda11,pi_A_samples,raw_sde_path,raw_sde_z1,pf_ode_z1,log_q1_pf,paired_z0_z1pf_logq1pf,false,pf_companion_corrected,A,aux_score_network,score_closed_pf,16,gaussian,dopri5,1e-5,1e-6,100,94,0.01,hutchinson,logq_decreases_by_divergence,0.000285,0.003251,0.008439,0.004653,0.142164,0.094262,0.002908,0.000933,NA,NA,NA,NA,0.009960,max_normalised_audit_residual,0.020000,true,1000,467.689,0.467689,1.138175,0.864031,-0.000728,0.913719,6.140516,5.146527,p99.5_minus_median,0.186958,0.249659,0.050757,0.079449,NA,NA,0.495407,0.301233,0.194173,0.194173,0.053752,0.017901,0.056654,9.983495,0.384364,0.606449,true,true,0.018000,true,true,true,true,true,true,true,pass,,none,,full_deltaF,true,6,6
PF_T3_LJ_LAMBDA_10_11_R005_A4,free_energy__lj_lambda_10_11__pnedb__R005__default,Tier3,tier3_lj_lambda,lj_lambda,lambda_10_11,10,R005,A4,NoiSDE,A_to_B,lambda10,lambda11,pi_A_samples,raw_sde_path,raw_sde_z1,pf_ode_z1,log_q1_pf,paired_z0_z1pf_logq1pf,false,pf_companion_corrected,A,aux_score_network,score_closed_pf,16,gaussian,dopri5,1e-5,1e-6,100,94,0.01,hutchinson,logq_decreases_by_divergence,0.000443,0.002741,0.020612,0.005580,0.150200,0.096889,0.002091,0.001901,NA,NA,NA,NA,0.010417,max_normalised_audit_residual,0.020000,true,1000,426.881,0.426881,1.342572,0.915411,0.022459,0.892071,5.829810,5.177060,p99.5_minus_median,0.193049,0.238557,0.051701,0.076680,NA,NA,0.424856,0.308535,0.116321,0.116321,0.023301,0.009730,0.025251,14.847711,0.375365,0.474347,true,true,0.014565,true,true,true,true,true,true,true,pass,,none,,full_deltaF,true,6,6
